Date,Comparison_Type
Date,Comparison_Type
19480724,1
19480729,1
19480809,1
19480812,1
19480815,1
19480815,1
19480904,1
19480905,1
19480922,1
19480924,1
19480930,1
19481009,1
19481009,1
19481021,1
19481022,1
19481024,1
19481029,1
19481105,1
19481105,1
19481107,1
19481109,1
19481117,1
19481119,1
19481119,1
19481123,1
19481129,1
194811,1
19481204,1
19481207,1
19481219,1
19481219,1
19481221,1
19481225,1
19481229,1
194812,1
19490101,1
19490104,1
19490106,1
19490108,1
19490114,1
19490125,1
19490201,1
19490203,1
19490204,1
19490206,1
19490208,1
19490210,1
19490214,1
19490216,1
19490222,1
19490224,1
19490226,1
19490301,1
19490301,1
19490307,1
19490323,1
19490324,1
19490328,1
19490405,1
19490406,1
19490413,1
19490416,1
19490416,1
19490419,1
19490428,1
19490501,1
19490503,1
19490506,1
19490510,1
19490511,1
19490604,1
19490609,1
19490614,1
19490624,1
19490628,1
19490702,1
19490704,1
19490710,1
19490712,1
19490715,1
19490728,1
194907,1
19490804,1
19490808,1
19490810,1
19490811,1
19490813,1
19490815,1
19490820,1
19490821,1
19490907,1
19490918,1
19490920,1
19490924,1
19490925,1
19490930,1
19491007,1
19491012,1
19491025,1
19491101,1
19491102,1
19491102,1
19491106,1
19491110,1
19491123,1
19491124,1
19491126,1
19491126,1
19491127,1
19491128,1
19491202,1
19491204,1
19491207,1
19491210,1
19491210,1
19491211,1
19491215,1
19491222,1
19491222,1
19491224,1
19491225,1
19491225,1
19491228,1
19491230,1
19500101,1
19500105,1
19500107,1
19500111,1
19500114,1
19500121,1
19500125,1
19500127,1
19500202,1
19500208,1
19500208,1
19500215,1
19500215,1
19500217,1
195002,1
195002,1
19500301,1
19500301,1
19500303,1
19500304,1
19500316,1
19500321,1
195003,1
19500404,1
19500413,1
19500415,1
19500418,1
19500418,1
19500421,1
19500427,1
19500430,1
195004,1
195004,1
19500531,1
195005,1
195005,1
195005,1
195005,1
19500606,1
19500609,1
19500620,1
19500704,1
19500711,1
19500716,1
19500716,1
19500716,1
19500717,1
19500718,1
19500722,1
19500723,1
19500730,1
19500731,1
19500815,1
19500815,1
19500817,1
19500818,1
19500818,1
19500819,1
19500822,1
19500825,1
19500825,1
19500828,1
19500903,1
19500906,1
19500917,1
19500917,1
19500918,1
19500920,1
19500922,1
19500923,1
19500926,1
19500929,1
19500929,1
19501018,1
19501021,1
19501024,1
19501025,1
19501027,1
19501114,1
19501129,1
19501202,1
19501208,1
19501226,1
19501229,1
19501230,1
1950,1
1950,1
1950,1
1950,1
1950,1
1950,1
1950,1
1950,1
1950,1
1950,1
1950,1
1950,1
1950,1
1950,1
1950,1
1950,1
1950,1
1950,1
1950,1
1950,1
1950,1
1950,1
19510101,1
19510109,1
19510202,1
19510202,1
19510212,1
19510216,1
19510216,1
19510216,1
19510301,1
19510302,1
19510306,1
19510310,1
19510314,1
19510324,1
19510326,1
19510331,1
19510406,1
19510408,1
19510412,1
19510419,1
19510430,1
19510505,1
19510505,1
19510510,1
19510515,1
19510516,1
19510517,1
19510518,1
19510529,1
19510530,1
19510607,1
19510607,1
19510608,1
19510624,1
19510624,1
19510625,1
19510627,1
19510717,1
19510724,1
19510728,1
19510730,1
19510805,1
19510815,1
19510818,1
19510818,1
19510901,1
19510901,1
19510906,1
19510909,1
19510918,1
19510919,1
19510921,1
19510923,1
19510925,1
19510927,1
19510928,1
19511018,1
19511024,1
19511024,1
19511030,1
19511114,1
19511205,1
19511205,1
19511205,1
19511220,1
19511220,1
19511221,1
19511221,1
19511224,1
19511225,1
1951,1
1951,1
1951,1
1951,1
1951,1
1951,1
1951,1
1951,1
1951,1
1951,1
1951,1
1951,1
1951,1
1951,1
1951,1
1951,1
1951,1
19520101,1
19520107,1
19520107,1
19520108,1
19520111,1
19520114,1
19520115,1
19520116,1
19520117,1
19520118,1
19520119,1
19520119,1
19520121,1
19520129,1
195201,1
19520208,1
19520208,1
19520212,1
19520216,1
19520220,1
19520226,1
19520229,1
19520301,1
19520302,1
19520303,1
19520306,1
19520307,1
19520310,1
19520311,1
19520318,1
19520319,1
19520320,1
19520323,1
19520326,1
19520415,1
19520416,1
19520424,1
19520425,1
19520503,1
19520518,1
19520519,1
19520523,1
19520529,1
19520602,1
19520602,1
19520604,1
19520608,1
19520614,1
19520615,1
19520625,1
19520627,1
19520630,1
19520702,1
19520705,1
19520717,1
19520717,1
19520721,1
19520721,1
19520726,1
19520727,1
19520729,1
19520809,1
19520815,1
19520815,1
19520825,1
19520829,1
19520909,1
19520926,1
19520928,1
19521005,1
19521007,1
19521012,1
19521013,1
19521013,1
19521015,1
19521021,1
19521027,1
19521029,1
19521030,1
19521031,1
19521101,1
19521105,1
19521106,1
19521108,1
19521111,1
19521113,1
19521119,1
19521121,1
19521127,1
19521207,1
19521208,1
19521209,1
19521220,1
19521223,1
19521224,1
19521231,1
19521231,1
1952,1
1952,1
1952,1
1952,1
1952,1
1952,1
1952,1
1952,1
1952,1
1952,1
1952,1
1952,1
1952,1
1952,1
1952,1
1952,1
1952,1
1952,1
1952,1
1952,1
19530101,1
19530105,1
19530106,1
19530107,1
19530109,1
19530121,1
19530124,1
19530205,1
19530212,1
19530215,1
19530222,1
19530227,1
19530302,1
19530302,1
19530306,1
19530307,1
19530321,1
19530323,1
19530325,1
19530328,1
19530402,1
19530406,1
19530420,1
19530424,1
19530428,1
19530503,1
19530505,1
19530507,1
19530521,1
19530522,1
19530528,1
19530604,1
19530605,1
19530605,1
19530606,1
19530608,1
19530608,1
19530611,1
19530612,1
19530615,1
19530618,1
19530619,1
19530624,1
19530625,1
19530703,1
19530704,1
19530705,1
19530712,1
19530713,1
19530722,1
19530723,1
19530724,1
19530727,1
19530728,1
19530728,1
19530802,1
19530808,1
19530809,1
19530815,1
19530819,1
19530820,1
19530902,1
19530902,1
19530903,1
19530908,1
19530910,1
19530910,1
19530910,1
19530914,1
19530917,1
19530918,1
19530919,1
19530919,1
19530921,1
19530927,1
19531006,1
19531010,1
19531010,1
19531013,1
19531013,1
19531017,1
19531026,1
19531111,1
19531111,1
19531115,1
19531124,1
19531125,1
19531127,1
19531128,1
19531130,1
19531130,1
19531130,1
19531208,1
19531214,1
19531215,1
19531215,1
19531215,1
19531216,1
19531218,1
19531223,1
19531229,1
1953,1
1953,1
1953,1
1953,1
1953,1
19540103,1
19540115,1
19540120,1
19540120,1
19540122,1
19540123,1
19540123,1
19540128,1
19540130,1
19540201,1
19540301,1
19540311,1
19540311,1
19540315,1
19540319,1
19540321,1
19540326,1
19540327,1
19540327,1
19540329,1
19540329,1
19540330,1
19540406,1
19540407,1
19540410,1
19540410,1
19540412,1
19540419,1
19540428,1
19540428,1
19540428,1
19540430,1
19540504,1
19540506,1
19540507,1
19540507,1
19540512,1
19540513,1
19540515,1
19540516,1
19540517,1
19540519,1
19540521,1
19540521,1
19540524,1
19540603,1
19540609,1
19540610,1
19540612,1
19540614,1
19540618,1
19540625,1
19540625,1
19540628,1
19540629,1
19540630,1
19540701,1
19540702,1
19540703,1
19540703,1
19540705,1
19540712,1
19540714,1
19540717,1
19540717,1
19540719,1
19540728,1
19540730,1
19540730,1
19540730,1
19540731,1
19540801,1
19540806,1
19540807,1
19540812,1
19540813,1
19540815,1
19540816,1
19540825,1
19540830,1
19540901,1
19540918,1
19540920,1
19540928,1
19540929,1
19541001,1
19541002,1
19541007,1
19541008,1
19541012,1
19541014,1
19541017,1
19541019,1
19541020,1
19541103,1
19541103,1
19541112,1
19541113,1
19541116,1
19541117,1
19541117,1
19541119,1
19541125,1
19541129,1
19541130,1
19541203,1
19541204,1
19541207,1
19541208,1
19541210,1
19541211,1
19541211,1
19541214,1
19541216,1
19541223,1
19541229,1
19541231,1
1954,1
19550125,1
19550131,1
19550203,1
19550203,1
19550207,1
19550221,1
19550221,1
19550224,1
19550301,1
19550321,1
19550322,1
19550322,1
19550322,1
19550323,1
19550326,1
19550415,1
19550419,1
19550422,1
19550422,1
19550426,1
19550504,1
19550504,1
19550507,1
19550513,1
19550521,1
19550527,1
19550608,1
19550615,1
19550616,1
19550617,1
19550625,1
19550625,1
19550706,1
19550711,1
19550714,1
19550714,1
19550715,1
19550726,1
195507,1
195507,1
19550801,1
19550801,1
19550813,1
19550815,1
19550815,1
19550816,1
19550817,1
19550820,1
19550822,1
19550822,1
19550825,1
19550830,1
19550902,1
19550903,1
19550905,1
19550907,1
19550916,1
19550917,1
19550917,1
19550919,1
19550919,1
19550926,1
19550928,1
19551,1
19551009,1
19551011,1
19551019,1
19551024,1
19551027,1
19551029,1
19551029,1
19551031,1
19551031,1
19551031,1
19551106,1
19551106,1
19551109,1
19551110,1
19551111,1
19551113,1
19551116,1
19551116,1
19551118,1
19551121,1
19551121,1
19551123,1
19551124,1
19551125,1
19551130,1
19551130,1
19551130,1
195511,1
19551201,1
19551210,1
19551223,1
19551224,1
19551224,1
19551225,1
19551231,1
1955,1
1955,1
1955,1
19560101,1
19560102,1
19560105,1
19560111,1
19560114,1
19560123,1
19560125,1
19560127,1
19560130,1
19560131,1
195601,1
19560202,1
19560203,1
19560213,1
19560214,1
19560225,1
195602,1
195602,1
195602,1
19560302,1
19560303,1
19560305,1
19560312,1
19560312,1
19560320,1
19560322,1
19560323,1
19560324,1
19560325,1
19560328,1
19560329,1
195603,1
19560404,1
19560410,1
19560412,1
19560415,1
19560419,1
19560420,1
19560426,1
19560426,1
19560428,1
19560503,1
19560504,1
19560507,1
19560508,1
19560510,1
19560510,1
19560512,1
19560518,1
19560519,1
19560523,1
19560525,1
19560531,1
195605,1
19560603,1
19560605,1
19560612,1
19560616,1
19560628,1
19560701,1
19560703,1
19560703,1
19560706,1
19560710,1
19560710,1
19560714,1
19560717,1
19560815,1
19560906,1
19560911,1
19560917,1
19560926,1
19560927,1
19560928,1
19561004,1
19561005,1
19561023,1
19561024,1
19561025,1
19561025,1
19561027,1
19561102,1
19561107,1
19561109,1
19561114,1
19561115,1
19561121,1
19561124,1
19561201,1
19561206,1
19561212,1
19561213,1
19561215,1
19561218,1
19561225,1
19561226,1
195612,1
1956,1
19570101,1
19570101,1
19570116,1
19570117,1
19570118,1
19570119,1
19570212,1
19570215,1
19570216,1
19570216,1
195702,1
19570301,1
19570328,1
19570419,1
19570428,1
19570430,1
19570501,1
19570508,1
19570513,1
19570518,1
19570518,1
19570520,1
19570521,1
19570522,1
19570525,1
19570529,1
19570606,1
19570612,1
19570615,1
19570625,1
19570703,1
19570704,1
19570704,1
19570705,1
19570715,1
19570726,1
19570807,1
19570815,1
19570913,1
19570915,1
19570918,1
19570919,1
19570920,1
19570926,1
19571001,1
19571002,1
19571007,1
19571013,1
19571015,1
19571021,1
19571024,1
19571025,1
19571026,1
19571118,1
19571120,1
19571130,1
19571204,1
19571207,1
19571223,1
19571225,1
19571229,1
19571230,1
1957,1
19580101,1
19580101,1
19580111,1
19580118,1
19580204,1
19580207,1
19580214,1
19580223,1
19580226,1
19580301,1
19580303,1
19580304,1
19580306,1
19580308,1
19580318,1
19580319,1
19580325,1
19580403,1
19580408,1
19580415,1
19580425,1
19580425,1
19580426,1
19580426,1
19580503,1
19580507,1
19580508,1
19580509,1
19580513,1
19580517,1
19580517,1
19580519,1
19580526,1
19580606,1
19580606,1
19580606,1
19580607,1
19580607,1
19580616,1
19580624,1
19580710,1
19580724,1
19580815,1
19580821,1
19580829,1
19580901,1
19580913,1
19581001,1
19581002,1
19581008,1
19581010,1
19581023,1
19581024,1
19581025,1
19581031,1
19581101,1
19581103,1
19581108,1
19581115,1
19581116,1
19581121,1
19581124,1
19581128,1
19581225,1
19581225,1
1958,1
19590101,1
19590102,1
19590115,1
19590122,1
19590123,1
19590203,1
19590221,1
19590301,1
19590310,1
19600813,1
19600829,1
19600915,1
19631217,1
19631217,1
19640101,1
19640104,1
19640104,1
19640110,1
19640110,1
19640123,1
19640222,1
19640226,1
19640227,1
19640301,1
19640306,1
19640307,1
19640310,1
19640310,1
19640313,1
19640321,1
19640326,1
19640401,1
19640405,1
19640406,1
19640407,1
19640411,1
19640415,1
19640416,1
19640419,1
19640427,1
19640428,1
19640429,1
19640501,1
19640502,1
19640505,1
19640507,1
19640509,1
19640512,1
19640516,1
19640516,1
19640516,1
19640519,1
19640521,1
19640521,1
19640526,1
19640527,1
19640528,1
19640603,1
19640606,1
19640610,1
19640620,1
19640620,1
19640623,1
19640625,1
19640625,1
19640626,1
19640627,1
19640701,1
19640714,1
19640717,1
19640717,1
19640718,1
19640721,1
19640724,1
19640728,1
19640728,1
19640729,1
19640801,1
19640805,1
19640815,1
19640815,1
19640815,1
19640820,1
19640825,1
19640903,1
19640904,1
19640907,1
19640915,1
19640918,1
19640921,1
19640926,1
19641001,1
19641003,1
19641005,1
19641009,1
19641009,1
19641015,1
19641021,1
19641024,1
19641024,1
19641027,1
19641028,1
19641030,1
19641103,1
19641103,1
19641106,1
19641109,1
19641112,1
19641118,1
19641121,1
19641203,1
19641204,1
19641204,1
19641205,1
19641206,1
19641207,1
19641208,1
19641208,1
19641208,1
19641209,1
19641209,1
19641209,1
19641210,1
19641210,1
19641210,1
19641211,1
19641212,1
19641212,1
19641214,1
19641214,1
19641215,1
19641220,1
19641221,1
19641224,1
19641224,1
19641224,1
19641224,1
19641228,1
19641230,1
1964,1
1964,1
1964,1
1964,1
1964,1
1964,1
1964,1
1964,1
1964,1
1964,1
19650101,1
19650101,1
19650101,1
19650110,1
19650116,1
19650122,1
19650123,1
19650123,1
19650125,1
19650126,1
19650209,1
19650210,1
19650212,1
19650220,1
19650220,1
19650222,1
19650223,1
19650224,1
19650226,1
19650301,1
19650305,1
19650310,1
19650310,1
19650312,1
19650319,1
19650323,1
19650329,1
19650405,1
19650406,1
19650419,1
19650428,1
19650430,1
19650502,1
19650512,1
19650516,1
19650516,1
19650517,1
19650517,1
19650517,1
19650517,1
19650518,1
19650518,1
19650519,1
19650519,1
19650519,1
19650519,1
19650519,1
19650520,1
19650520,1
19650521,1
19650521,1
19650521,1
19650522,1
19650524,1
19650524,1
19650601,1
19650601,1
19650606,1
19650610,1
19650611,1
19650616,1
19650623,1
19650623,1
19650625,1
19650707,1
19650712,1
19650717,1
19650718,1
19650721,1
19650727,1
19650802,1
19650803,1
19650815,1
19650825,1
19650826,1
19650831,1
19650915,1
19650917,1
19650918,1
19650920,1
19650920,1
19650922,1
19650924,1
19650928,1
19650928,1
19650930,1
19650930,1
19651001,1
19651002,1
19651003,1
19651003,1
19651003,1
19651005,1
19651009,1
19651009,1
19651009,1
19651012,1
19651015,1
19651016,1
19651019,1
19651021,1
19651022,1
19651024,1
19651027,1
19651027,1
19651103,1
19651103,1
19651110,1
19651111,1
19651111,1
19651112,1
19651115,1
19651116,1
19651118,1
19651119,1
19651122,1
19651122,1
19651124,1
19651125,1
19651127,1
19651130,1
19651201,1
19651202,1
19651203,1
19651204,1
19651207,1
19651207,1
19651208,1
19651210,1
19651216,1
19651216,1
19651216,1
19651217,1
19651218,1
19651218,1
19651224,1
19651225,1
19651227,1
19660101,1
19660101,1
19660101,1
19660101,1
19660104,1
19660112,1
19660115,1
19660118,1
19660119,1
19660123,1
19660127,1
19660128,1
19660204,1
19660207,1
19660207,1
19660207,1
19660208,1
19660209,1
19660210,1
19660210,1
19660210,1
19660210,1
19660213,1
19660215,1
19660215,1
19660216,1
19660218,1
19660218,1
19660226,1
19660301,1
19660302,1
19660303,1
19660305,1
19660306,1
19660310,1
19660316,1
19660319,1
19660324,1
19660330,1
19660406,1
19660406,1
19660406,1
19660409,1
19660415,1
19660419,1
19660425,1
19660428,1
19660501,1
19660503,1
19660505,1
19660505,1
19660512,1
19660516,1
19660519,1
19660519,1
19660523,1
19660525,1
19660529,1
19660530,1
19660531,1
19660601,1
19660601,1
19660606,1
19660608,1
19660608,1
19660609,1
19660610,1
19660613,1
19660614,1
19660625,1
19660628,1
19660630,1
19660701,1
19660705,1
19660706,1
19660706,1
19660707,1
19660717,1
19660717,1
19660718,1
19660725,1
19660802,1
19660802,1
19660805,1
19660805,1
19660805,1
19660815,1
19660827,1
19660902,1
19660908,1
19660910,1
19660915,1
19660916,1
19660918,1
19660919,1
19660920,1
19660922,1
19660925,1
19660925,1
19660929,1
19661001,1
19661002,1
19661003,1
19661005,1
19661006,1
19661006,1
19661008,1
19661009,1
19661010,1
19661013,1
19661015,1
19661015,1
19661021,1
19661021,1
19661021,1
19661023,1
19661024,1
19661026,1
19661027,1
19661027,1
19661028,1
19661031,1
19661031,1
19661101,1
19661102,1
19661103,1
19661103,1
19661104,1
19661107,1
19661109,1
19661109,1
19661110,1
19661110,1
19661119,1
19661120,1
19661120,1
19661122,1
19661122,1
19661123,1
19661124,1
19661128,1
19661129,1
19661130,1
19661204,1
19661208,1
19661208,1
19661210,1
19661213,1
19661214,1
19661216,1
19661216,1
19661217,1
19661224,1
19661227,1
19670101,1
19670101,1
19670101,1
19670101,1
19670101,1
19670104,1
19670110,1
19670110,1
19670116,1
19670117,1
19670120,1
19670123,1
19670124,1
19670130,1
19670202,1
19670213,1
19670215,1
19670220,1
19670221,1
19670221,1
19670222,1
19670223,1
19670224,1
19670227,1
19670227,1
19670301,1
19670302,1
19670303,1
19670304,1
19670304,1
19670305,1
19670305,1
19670306,1
19670310,1
19670311,1
19670327,1
19670328,1
19670330,1
19670330,1
19670331,1
19670401,1
19670402,1
19670405,1
19670405,1
19670406,1
19670407,1
19670411,1
19670415,1
19670415,1
19670415,1
19670415,1
19670417,1
19670418,1
19670418,1
19670419,1
19670420,1
19670420,1
19670421,1
19670424,1
19670424,1
19670425,1
19670426,1
19670427,1
19670428,1
19670429,1
19670501,1
19670501,1
19670507,1
19670508,1
19670516,1
19670517,1
19670520,1
19670606,1
19670612,1
19670616,1
19670617,1
19670625,1
19670629,1
19670701,1
19670710,1
19670710,1
19670716,1
19670717,1
19670717,1
19670719,1
19670727,1
19670805,1
19670810,1
19670815,1
19670815,1
19670823,1
19670824,1
19670906,1
19670914,1
19670918,1
19670920,1
19670920,1
19670924,1
19670925,1
19670927,1
19670929,1
19671001,1
19671003,1
19671005,1
19671009,1
19671013,1
19671013,1
19671015,1
19671016,1
19671016,1
19671018,1
19671020,1
19671021,1
19671024,1
19671027,1
19671101,1
19671102,1
19671103,1
19671103,1
19671103,1
19671104,1
19671110,1
19671111,1
19671113,1
19671115,1
19671123,1
19671204,1
19671205,1
19671208,1
19671212,1
19671215,1
19671220,1
19671225,1
19671228,1
19680101,1
19680101,1
19680101,1
19680101,1
19680106,1
19680106,1
19680110,1
19680115,1
19680123,1
19680129,1
19680131,1
19680201,1
19680207,1
19680209,1
19680222,1
19680223,1
19680223,1
19680226,1
19680227,1
19680228,1
19680228,1
19680301,1
19680304,1
19680306,1
19680307,1
19680322,1
19680401,1
19680405,1
19680416,1
19680417,1
19680428,1
19680429,1
19680502,1
19680516,1
19680518,1
19680518,1
19680521,1
19680529,1
19680606,1
19680607,1
19680610,1
19680613,1
19680618,1
19680625,1
19680710,1
19680711,1
19680717,1
19680719,1
19680723,1
19680725,1
19680806,1
19680812,1
19680815,1
19680815,1
19680826,1
19680903,1
19680903,1
19680909,1
19680909,1
19680911,1
19680912,1
19680915,1
19680916,1
19680917,1
19680918,1
19680919,1
19680919,1
19680920,1
19680920,1
19680921,1
19680921,1
19680923,1
19680923,1
19680925,1
19680925,1
19680928,1
19680930,1
19681001,1
19681003,1
19681008,1
19681009,1
19681018,1
19681021,1
19681022,1
19681024,1
19681026,1
19681031,1
19681101,1
19681103,1
19681108,1
19681111,1
19681114,1
19681115,1
19681118,1
19681120,1
19681130,1
19681203,1
19681205,1
19681205,1
19681209,1
19681210,1
19681212,1
19681215,1
19681216,1
19681216,1
19681218,1
19681220,1
19681221,1
19681225,1
19690101,1
19690101,1
19690101,1
19690101,1
19690110,1
19690110,1
19690123,1
19690206,1
19690220,1
19690226,1
19690301,1
19690301,1
19690301,1
19690303,1
19690310,1
19690317,1
19690328,1
19690329,1
19690405,1
19690408,1
19690412,1
19690425,1
19690428,1
19690429,1
19690430,1
19690501,1
19690502,1
19690503,1
19690516,1
19690527,1
19690528,1
19690529,1
19690530,1
19690530,1
19690603,1
19690604,1
19690606,1
19690610,1
19690625,1
19690704,1
19690715,1
19690717,1
19690722,1
19690723,1
19690725,1
19690808,1
19690814,1
19690815,1
19690818,1
19690821,1
19690821,1
19690821,1
19690822,1
19690822,1
19690822,1
19690825,1
19690830,1
19690905,1
19690923,1
19690925,1
19690925,1
19691001,1
19691003,1
19691005,1
19691007,1
19691009,1
19691010,1
19691011,1
19691011,1
19691014,1
19691018,1
19691021,1
19691023,1
19691024,1
19691027,1
19691027,1
19691028,1
19691031,1
19691031,1
19691103,1
19691125,1
19691125,1
19691129,1
19691201,1
19691203,1
19691205,1
19691210,1
19691225,1
19691227,1
19700101,1
19700101,1
19700101,1
19700101,1
19700109,1
19700112,1
19700121,1
19700204,1
19700204,1
19700204,1
19700204,1
19700204,1
19700209,1
19700226,1
19700301,1
19700303,1
19700310,1
19700312,1
19700315,1
19700316,1
19700328,1
19700331,1
19700401,1
19700404,1
19700405,1
19700405,1
19700406,1
19700409,1
19700410,1
19700415,1
19700421,1
19700422,1
19700427,1
19700428,1
19700501,1
19700502,1
19700505,1
19700516,1
19700523,1
19700526,1
19700529,1
19700602,1
19700606,1
19700610,1
19700625,1
19700629,1
19700707,1
19700712,1
19700717,1
19700718,1
19700723,1
19700810,1
19700815,1
19700829,1
19700901,1
19700901,1
19700902,1
19700916,1
19700925,1
19700925,1
19700928,1
19700928,1
19700930,1
19701001,1
19701002,1
19701002,1
19701003,1
19701005,1
19701006,1
19701009,1
19701010,1
19701013,1
19701016,1
19701021,1
19701024,1
19701027,1
19701101,1
19701103,1
19701110,1
19701111,1
19701115,1
19701130,1
19701205,1
19701208,1
19701210,1
19701216,1
19701217,1
19701217,1
19701225,1
19701230,1
19710101,1
19710101,1
19710101,1
19710101,1
19710111,1
19710111,1
19710121,1
19710122,1
19710123,1
19710131,1
19710206,1
19710208,1
19710219,1
19710225,1
19710226,1
19710301,1
19710303,1
19710310,1
19710311,1
19710317,1
19710318,1
19710319,1
19710323,1
19710323,1
19710324,1
19710327,1
19710330,1
19710331,1
19710401,1
19710402,1
19710404,1
19710405,1
19710406,1
19710407,1
19710409,1
19710410,1
19710412,1
19710413,1
19710414,1
19710414,1
19710415,1
19710417,1
19710420,1
19710421,1
19710422,1
19710423,1
19710423,1
19710424,1
19710425,1
19710426,1
19710426,1
19710502,1
19710516,1
19710517,1
19710601,1
19710606,1
19710625,1
19710701,1
19710701,1
19710717,1
19710720,1
19710721,1
19710726,1
19710730,1
19710730,1
19710805,1
19710815,1
19710829,1
19710902,1
19710902,1
19710917,1
19710923,1
19710925,1
19710925,1
19710929,1
19711001,1
19711003,1
19711008,1
19711009,1
19711015,1
19711020,1
19711021,1
19711024,1
19711027,1
19711030,1
19711106,1
19711130,1
19711205,1
19711206,1
19711206,1
19711223,1
19711225,1
19720101,1
19720101,1
19720101,1
19720110,1
19720111,1
19720121,1
19720123,1
19720207,1
19720226,1
19720301,1
19720302,1
19720307,1
19720323,1
19720324,1
19720330,1
19720331,1
19720401,1
19720404,1
19720405,1
19720406,1
19720417,1
19720508,1
19720516,1
19720518,1
19720606,1
19720614,1
19720616,1
19720620,1
19720625,1
19720717,1
19720720,1
19720802,1
19720815,1
19720825,1
19720902,1
19720902,1
19720920,1
19720925,1
19720929,1
19721001,1
19721003,1
19721006,1
19721009,1
19721009,1
19721017,1
19721024,1
19721027,1
19721027,1
19721031,1
19721122,1
19721125,1
19721130,1
19721130,1
19721205,1
19721213,1
19721223,1
19721223,1
19721225,1
19721225,1
19721226,1
19721227,1
19730101,1
19730110,1
19730112,1
19730113,1
19730123,1
19730123,1
19730124,1
19730124,1
19730207,1
19730209,1
19730222,1
19730226,1
19730301,1
19730301,1
19730307,1
19730312,1
19730314,1
19730320,1
19730323,1
19730325,1
19730325,1
19730330,1
19730331,1
19730405,1
19730406,1
19730407,1
19730417,1
19730426,1
19730505,1
19730606,1
19730623,1
19730702,1
19730703,1
19730717,1
19730720,1
19730815,1
19730826,1
19730921,1
19731001,1
19731003,1
19731004,1
19731009,1
19731011,1
19731012,1
19731024,1
19731026,1
19731114,1
19731122,1
19731130,1
19731205,1
19731225,1
19731229,1
19740104,1
19740108,1
19740114,1
19740117,1
19740118,1
19740121,1
19740226,1
19740301,1
19740305,1
19740329,1
19740330,1
19740403,1
19740405,1
19740406,1
19740409,1
19740510,1
19740522,1
19740524,1
19740604,1
19740606,1
19740623,1
19740628,1
19740716,1
19740717,1
19740815,1
19740820,1
19740823,1
19741001,1
19741003,1
19741004,1
19741004,1
19741008,1
19741009,1
19741024,1
19741122,1
19741122,1
19741123,1
19741130,1
19741205,1
19741216,1
19741218,1
19741225,1
19750101,1
19750114,1
19750121,1
19750122,1
19750213,1
19750215,1
19750226,1
19750301,1
19750326,1
19750328,1
19750329,1
19750405,1
19750410,1
19750412,1
19750429,1
19750513,1
19750606,1
19750625,1
19750625,1
19750704,1
19750705,1
19750705,1
19750707,1
19750717,1
19750719,1
19750815,1
19750825,1
19751001,1
19751003,1
19751004,1
19751004,1
19751007,1
19751009,1
19751013,1
19751024,1
19751129,1
19751204,1
19751205,1
19751210,1
19751220,1
19751220,1
19751225,1
19760101,1
19760115,1
19760121,1
19760216,1
19760226,1
19760301,1
19760326,1
19760327,1
19760403,1
19760405,1
19760409,1
19760420,1
19760501,1
19760531,1
19760606,1
19760704,1
19760717,1
19760804,1
19760815,1
19760820,1
19761001,1
19761003,1
19761004,1
19761004,1
19761012,1
19761014,1
19761028,1
19761125,1
19761130,1
19761204,1
19761210,1
19761225,1
19770101,1
19770112,1
19770118,1
19770226,1
19770301,1
19770329,1
19770330,1
19770402,1
19770405,1
19770412,1
19770606,1
19770621,1
19770717,1
19770804,1
19770811,1
19770815,1
19770822,1
19770830,1
19770906,1
19771001,1
19771003,1
19771004,1
19771010,1
19771011,1
19771105,1
19771122,1
19771205,1
19771209,1
19771222,1
19771225,1
19780101,1
19780113,1
19780118,1
19780124,1
19780226,1
19780301,1
19780401,1
19780403,1
19780404,1
19780405,1
19780407,1
19780408,1
19780424,1
19780606,1
19780623,1
19780627,1
19780630,1
19780706,1
19780706,1
19780717,1
19780720,1
19780805,1
19780815,1
19780901,1
19780920,1
19781001,1
19781003,1
19781004,1
19781004,1
19781005,1
19781012,1
19781107,1
19781130,1
19781205,1
19781206,1
19781208,1
19781221,1
19781225,1
19781227,1
19790101,1
19790119,1
19790123,1
19790226,1
19790301,1
19790315,1
19790327,1
19790403,1
19790404,1
19790405,1
19790410,1
19790416,1
19790418,1
19790423,1
19790505,1
19790530,1
19790606,1
19790619,1
19790630,1
19790717,1
19790718,1
19790815,1
19790916,1
19791001,1
19791003,1
19791012,1
19791018,1
19791019,1
19791026,1
19791027,1
19791103,1
19791110,1
19791115,1
19791119,1
19791121,1
19791127,1
19791130,1
19791203,1
19791205,1
19791206,1
19791206,1
19791207,1
19791211,1
19791211,1
19791220,1
19791221,1
19791225,1
19791228,1
19800101,1
19800118,1
19800121,1
19800129,1
19800219,1
19800222,1
19800229,1
19800301,1
19800305,1
19800305,1
19800314,1
19800320,1
19800401,1
19800403,1
19800404,1
19800405,1
19800407,1
19800408,1
19800409,1
19800414,1
19800416,1
19800419,1
19800422,1
19800510,1
19800513,1
19800515,1
19800516,1
19800518,1
19800525,1
19800531,1
19800605,1
19800606,1
19800610,1
19800612,1
19800703,1
19800717,1
19800718,1
19800806,1
19800811,1
19800815,1
19800816,1
19800816,1
19800819,1
19800822,1
19800827,1
19800901,1
19800905,1
19800922,1
19800925,1
19800929,1
19801001,1
19801003,1
19801007,1
19801008,1
19801016,1
19801018,1
19801020,1
19801027,1
19801029,1
19801029,1
19801030,1
19801030,1
19801107,1
19801114,1
19801114,1
19801117,1
19801119,1
19801120,1
19801121,1
19801122,1
19801125,1
19801128,1
19801201,1
19801202,1
19801205,1
19801209,1
19801210,1
19801212,1
19801215,1
19801223,1
19801225,1
19801229,1
19801229,1
19810101,1
19810101,1
19810103,1
19810112,1
19810113,1
19810115,1
19810117,1
19810121,1
19810122,1
19810124,1
19810124,1
19810126,1
19810128,1
19810128,1
19810128,1
19810129,1
19810129,1
19810129,1
19810130,1
19810131,1
19810131,1
19810201,1
19810202,1
19810202,1
19810202,1
19810202,1
19810202,1
19810203,1
19810203,1
19810204,1
19810205,1
19810205,1
19810205,1
19810205,1
19810206,1
19810207,1
19810207,1
19810210,1
19810218,1
19810219,1
19810301,1
19810303,1
19810303,1
19810304,1
19810306,1
19810310,1
19810403,1
19810404,1
19810406,1
19810409,1
19810411,1
19810414,1
19810420,1
19810420,1
19810420,1
19810508,1
19810514,1
19810602,1
19810605,1
19810606,1
19810618,1
19810624,1
19810625,1
19810625,1
19810625,1
19810625,1
19810626,1
19810626,1
19810627,1
19810627,1
19810627,1
19810627,1
19810627,1
19810629,1
19810629,1
19810629,1
19810630,1
19810701,1
19810701,1
19810701,1
19810701,1
19810702,1
19810702,1
19810702,1
19810703,1
19810703,1
19810703,1
19810703,1
19810705,1
19810705,1
19810706,1
19810706,1
19810706,1
19810706,1
19810706,1
19810707,1
19810707,1
19810707,1
19810708,1
19810709,1
19810709,1
19810717,1
19810725,1
19810802,1
19810815,1
19810820,1
19810904,1
19810922,1
19810928,1
19811001,1
19811002,1
19811002,1
19811003,1
19811003,1
19811006,1
19811007,1
19811008,1
19811010,1
19811012,1
19811013,1
19811014,1
19811016,1
19811016,1
19811017,1
19811021,1
19811110,1
19811130,1
19811205,1
19811208,1
19811209,1
19811221,1
19811222,1
19811224,1
198112,1
19820101,1
19820111,1
19820115,1
19820121,1
19820122,1
198202,1
19820301,1
19820310,1
19820328,1
19820403,1
19820406,1
19820407,1
19820409,1
19820419,1
19820421,1
19820426,1
19820510,1
19820513,1
19820514,1
19820519,1
19820522,1
19820525,1
198205,1
19820605,1
19820606,1
19820608,1
19820610,1
19820614,1
19820618,1
19820629,1
19820717,1
19820721,1
19820723,1
19820731,1
19820815,1
19820816,1
19820817,1
19820817,1
19820818,1
19820818,1
19820819,1
19820819,1
19820819,1
19820819,1
19820820,1
19820821,1
19820821,1
19820822,1
19820822,1
19820822,1
19820822,1
19820822,1
19820823,1
19820824,1
19820824,1
19820824,1
19820825,1
19820825,1
19820826,1
19820826,1
19820827,1
19820828,1
19820828,1
19820829,1
19820830,1
19820830,1
19820831,1
19820901,1
19820901,1
19820907,1
19820909,1
19820909,1
19820917,1
19820922,1
19820928,1
19820928,1
19821003,1
19821004,1
19821004,1
19821013,1
19821014,1
19821018,1
19821019,1
19821021,1
19821028,1
19821104,1
19821105,1
19821105,1
19821110,1
19821124,1
19821130,1
19821202,1
19821207,1
19821209,1
19821210,1
19821216,1
19821217,1
19821221,1
19821223,1
19821225,1
19830101,1
19830101,1
19830106,1
19830112,1
19830113,1
19830115,1
19830117,1
19830118,1
19830121,1
19830202,1
19830215,1
19830217,1
19830222,1
19830301,1
19830315,1
19830318,1
19830321,1
19830321,1
19830323,1
19830328,1
19830329,1
19830331,1
19830402,1
19830402,1
19830402,1
19830422,1
19830423,1
19830429,1
19830430,1
19830516,1
19830521,1
19830530,1
19830531,1
19830601,1
19830606,1
19830623,1
19830630,1
19830701,1
19830714,1
19830717,1
19830721,1
19830809,1
19830811,1
19830815,1
19830823,1
19830830,1
19830902,1
19830907,1
19830909,1
19830909,1
19830910,1
19830912,1
19830922,1
19830925,1
19830928,1
19830929,1
19831001,1
19831003,1
19831004,1
19831006,1
19831008,1
19831008,1
19831010,1
19831015,1
19831020,1
19831021,1
19831024,1
19831103,1
19831104,1
19831112,1
19831112,1
19831114,1
19831125,1
19831130,1
19831205,1
19831207,1
19831225,1
19840101,1
19840101,1
19840115,1
19840117,1
19840119,1
19840121,1
19840206,1
19840301,1
19840313,1
19840326,1
19840328,1
19840330,1
19840403,1
19840403,1
19840404,1
19840406,1
19840407,1
19840408,1
19840409,1
19840416,1
19840421,1
19840422,1
19840424,1
19840501,1
19840503,1
19840503,1
19840525,1
19840528,1
19840529,1
19840601,1
19840605,1
19840606,1
19840607,1
19840615,1
19840627,1
19840710,1
19840712,1
19840717,1
19840808,1
19840815,1
19840820,1
19840906,1
19840906,1
19840906,1
19840907,1
19840907,1
19840907,1
19840907,1
19840908,1
19840908,1
19840908,1
19840913,1
19840917,1
19840917,1
19840921,1
19840922,1
19840923,1
19840928,1
19840929,1
19841001,1
19841003,1
19841003,1
19841004,1
19841004,1
19841009,1
19841010,1
19841011,1
19841017,1
19841018,1
19841022,1
19841023,1
19841024,1
19841030,1
19841031,1
19841031,1
19841102,1
19841106,1
19841109,1
19841114,1
19841116,1
19841120,1
19841123,1
19841124,1
19841130,1
19841205,1
19841215,1
19841225,1
19850101,1
19850101,1
19850109,1
19850115,1
19850121,1
19850301,1
19850304,1
19850312,1
19850318,1
19850327,1
19850329,1
19850403,1
19850404,1
19850406,1
19850409,1
19850411,1
19850415,1
19850424,1
19850424,1
19850425,1
19850426,1
19850426,1
19850427,1
19850427,1
19850428,1
19850429,1
19850501,1
19850507,1
19850510,1
19850513,1
19850517,1
19850520,1
19850520,1
19850522,1
19850522,1
19850529,1
19850605,1
19850605,1
19850606,1
19850617,1
19850619,1
19850626,1
19850626,1
19850717,1
19850809,1
19850815,1
19850817,1
19850824,1
19850918,1
19850923,1
19850924,1
19851001,1
19851003,1
19851008,1
19851010,1
19851012,1
19851015,1
19851016,1
19851017,1
19851018,1
19851021,1
19851025,1
19851029,1
19851030,1
19851031,1
19851107,1
19851119,1
19851127,1
19851127,1
19851130,1
19851212,1
19851213,1
19851218,1
19851218,1
19851219,1
19851220,1
19851225,1
19860101,1
19860101,1
19860115,1
19860116,1
19860121,1
19860301,1
19860319,1
19860326,1
19860327,1
19860327,1
19860405,1
19860405,1
19860407,1
19860407,1
19860408,1
19860408,1
19860410,1
19860410,1
19860410,1
19860412,1
19860414,1
19860414,1
19860414,1
19860415,1
19860415,1
19860416,1
19860416,1
19860416,1
19860417,1
19860418,1
19860418,1
19860418,1
19860418,1
19860421,1
19860422,1
19860501,1
19860501,1
19860503,1
19860509,1
19860512,1
19860513,1
19860604,1
19860606,1
19860611,1
19860620,1
19860626,1
19860626,1
19860627,1
19860717,1
19860722,1
19860811,1
19860815,1
19860909,1
19860910,1
19860911,1
19860921,1
19860922,1
19861001,1
19861003,1
19861006,1
19861006,1
19861007,1
19861015,1
19861016,1
19861021,1
19861028,1
19861030,1
19861031,1
19861105,1
19861112,1
19861121,1
19861125,1
19861128,1
19861202,1
19861203,1
19861222,1
19861225,1
19870101,1
19870101,1
19870112,1
19870115,1
19870121,1
19870216,1
19880225,1
19880301,1
19880319,1
19880324,1
19880325,1
19880329,1
19880330,1
19880330,1
19880401,1
19880401,1
19880402,1
19880407,1
19880415,1
19880415,1
19880421,1
19880422,1
19880502,1
19880505,1
19880505,1
19880505,1
19880509,1
19880530,1
19880603,1
19880609,1
19880628,1
19880628,1
19880706,1
19880707,1
19880712,1
19880815,1
19880902,1
19880905,1
19880905,1
19880912,1
19880913,1
19880914,1
19880917,1
19880917,1
19880922,1
19880923,1
19881003,1
19881003,1
19881003,1
19881004,1
19881015,1
19881018,1
19881019,1
19881019,1
19881020,1
19881020,1
19881020,1
19881027,1
19881103,1
19881103,1
19881104,1
19881104,1
19881106,1
19881107,1
19881107,1
19881108,1
19881109,1
19881110,1
19881111,1
19881112,1
19881113,1
19881113,1
19881114,1
19881122,1
19881126,1
19881213,1
19881219,1
19881225,1
19881226,1
19881228,1
19881229,1
19890101,1
19890101,1
19890114,1
19890117,1
19890130,1
19890130,1
19890202,1
19890203,1
19890220,1
19890224,1
19890224,1
19890227,1
19890301,1
19890320,1
19890321,1
19890324,1
19890328,1
19890330,1
19890331,1
19890331,1
19890407,1
19890502,1
19890503,1
19890503,1
19890505,1
19890520,1
19890531,1
19890601,1
19890602,1
19890605,1
19890605,1
19890609,1
19890612,1
19890619,1
19890623,1
19890626,1
19890628,1
19890628,1
19890629,1
19890703,1
19890710,1
19890717,1
19890724,1
19890731,1
19890807,1
19890814,1
19890815,1
19890817,1
19890821,1
19890828,1
19890904,1
19890911,1
19890911,1
19890917,1
19890918,1
19890922,1
19890923,1
19890925,1
19890926,1
19890928,1
19891002,1
19891006,1
19891007,1
19891008,1
19891009,1
19891010,1
19891011,1
19891012,1
19891015,1
19891016,1
19891017,1
19891017,1
19891017,1
19891018,1
19891018,1
19891018,1
19891018,1
19891019,1
19891020,1
19891029,1
19891030,1
19891103,1
19891105,1
19891106,1
19891113,1
19891113,1
19891113,1
19891117,1
19891118,1
19891118,1
19891118,1
19891120,1
19891121,1
19891121,1
19891121,1
19891121,1
19891122,1
19891123,1
19891123,1
19891124,1
19891125,1
19891127,1
19891128,1
19891128,1
19891129,1
19891130,1
19891130,1
19891201,1
19891201,1
19891201,1
19891201,1
19891202,1
19891204,1
19891211,1
19891215,1
19891216,1
19891225,1
19891225,1
19900101,1
19900103,1
19900110,1
19900115,1
19900120,1
19900122,1
19900201,1
19900201,1
19900203,1
19900208,1
19900209,1
19900209,1
19900219,1
19900224,1
19900224,1
19900226,1
19900301,1
19900306,1
19900309,1
19900316,1
19900317,1
19900322,1
19900323,1
19900330,1
19900330,1
19900410,1
19900427,1
19900427,1
19900505,1
19900505,1
19900507,1
19900509,1
19900509,1
19900510,1
19900512,1
19900514,1
19900514,1
19900520,1
19900524,1
19900524,1
19900525,1
19900525,1
19900525,1
19900525,1
19900526,1
19900526,1
19900526,1
19900603,1
19900603,1
19900604,1
19900604,1
19900604,1
19900606,1
19900608,1
19900609,1
19900618,1
19900620,1
19900621,1
19900627,1
19900628,1
19900629,1
19900629,1
19900629,1
19900701,1
19900713,1
19900716,1
19900718,1
19900718,1
19900719,1
19900720,1
19900720,1
19900725,1
19900803,1
19900814,1
19900815,1
19900824,1
19900903,1
19900906,1
19900912,1
19900917,1
19900922,1
19900925,1
19900926,1
19900927,1
19900928,1
19900929,1
19900929,1
19901001,1
19901013,1
19901015,1
19901022,1
19901025,1
19901027,1
19901029,1
19901101,1
19901105,1
19901108,1
19901110,1
19901110,1
19901113,1
19901114,1
19901115,1
19901115,1
19901119,1
19901120,1
19901122,1
19901122,1
19901130,1
19901130,1
19901210,1
19901211,1
19901212,1
19901213,1
19901213,1
19901213,1
19901214,1
19901214,1
19901214,1
19901215,1
19901215,1
19901215,1
19901215,1
19901216,1
19901216,1
19901216,1
19901216,1
19901217,1
19901218,1
19901225,1
19901229,1
19910101,1
19910108,1
19910109,1
19910122,1
19910209,1
19910212,1
19910219,1
19910221,1
19910222,1
19910225,1
19910227,1
19910228,1
19910301,1
19910305,1
19910305,1
19910305,1
19910308,1
19910312,1
19910313,1
19910314,1
19910319,1
19910320,1
19910321,1
19910322,1
19910326,1
19910327,1
19910328,1
19910329,1
19910401,1
19910402,1
19910412,1
19910415,1
19910419,1
19910420,1
19910420,1
19910420,1
19910422,1
19910422,1
19910423,1
19910430,1
19910501,1
19910501,1
19910504,1
19910505,1
19910507,1
19910509,1
19910510,1
19910515,1
19910517,1
19910528,1
19910528,1
19910530,1
19910604,1
19910605,1
19910605,1
19910611,1
19910612,1
19910614,1
19910617,1
19910618,1
19910623,1
19910624,1
19910626,1
19910627,1
19910629,1
19910629,1
19910630,1
19910630,1
19910701,1
19910702,1
19910702,1
19910702,1
19910703,1
19910703,1
19910703,1
19910703,1
19910704,1
19910704,1
19910704,1
19910705,1
19910705,1
19910706,1
19910707,1
19910707,1
19910708,1
19910709,1
19910709,1
19910712,1
19910713,1
19910716,1
19910716,1
19910719,1
19910801,1
19910812,1
19910814,1
19910815,1
19910815,1
19910822,1
19910828,1
19910901,1
19910901,1
19910902,1
19910904,1
19910910,1
19910912,1
19910913,1
19910913,1
19910916,1
19910920,1
19910920,1
19910920,1
19910922,1
19910922,1
19910924,1
19910924,1
19910925,1
19910925,1
19910925,1
19910926,1
19910926,1
19910926,1
19910927,1
19910927,1
19910928,1
19910930,1
19910930,1
19911001,1
19911005,1
19911007,1
19911008,1
19911009,1
19911011,1
19911014,1
19911015,1
19911017,1
19911021,1
19911021,1
19911023,1
19911023,1
19911024,1
19911024,1
19911027,1
19911029,1
19911031,1
19911101,1
19911108,1
19911108,1
19911109,1
19911112,1
19911113,1
19911118,1
19911118,1
19911120,1
19911122,1
19911122,1
19911123,1
19911123,1
19911128,1
19911130,1
19911202,1
19911207,1
19911209,1
19911212,1
19911213,1
19911215,1
19911218,1
19911219,1
19911224,1
19911226,1
19920101,1
19920106,1
19920106,1
19920108,1
19920109,1
19920110,1
19920116,1
19920117,1
19920130,1
19920201,1
19920207,1
19920207,1
19920208,1
19920208,1
19920219,1
19920222,1
19920229,1
19920229,1
199202,1
19920301,1
19920302,1
19920303,1
19920304,1
19920309,1
19920310,1
19920311,1
19920314,1
19920316,1
19920316,1
19920319,1
19920324,1
19920326,1
19920331,1
199203,1
19920408,1
19920415,1
19920416,1
19920420,1
19920427,1
19920427,1
19920428,1
199204,1
19920501,1
19920502,1
19920502,1
19920505,1
19920509,1
19920512,1
19920513,1
19920514,1
19920515,1
19920519,1
19920520,1
19920520,1
19920601,1
19920601,1
19920601,1
19920601,1
19920605,1
19920617,1
19920617,1
19920620,1
19920625,1
19920626,1
19920627,1
19920629,1
19920629,1
19920629,1
19920630,1
199206,1
19920715,1
19920718,1
19920720,1
19920807,1
19920811,1
19920811,1
19920813,1
19920815,1
19920815,1
19920820,1
19920824,1
19920825,1
19920827,1
19920827,1
19920828,1
19920831,1
19920831,1
19920901,1
19920901,1
19920903,1
19920908,1
19920917,1
19920918,1
19920920,1
19920922,1
19920922,1
19920922,1
19920923,1
19920923,1
19920927,1
19920927,1
19920927,1
19920928,1
19920929,1
19920930,1
19920930,1
19920930,1
19921002,1
19921005,1
19930109,1
19930225,1
19930227,1
19930301,1
19930302,1
19930303,1
19930305,1
19930305,1
19930306,1
19930310,1
19930312,1
19930317,1
19930319,1
19930322,1
19930324,1
19930325,1
199303,1
19930401,1
19930402,1
19930406,1
19930407,1
19930409,1
19930409,1
19930413,1
19930416,1
19930420,1
19930420,1
19930423,1
199304,1
199304,1
199304,1
199304,1
19930501,1
19930501,1
19930505,1
19930510,1
19930512,1
19930513,1
19930514,1
19930515,1
19930515,1
19930517,1
19930524,1
19930525,1
19930525,1
19930525,1
19930531,1
19930601,1
19930601,1
19930602,1
19930602,1
19930603,1
19930611,1
19930617,1
19930621,1
19930625,1
19930628,1
19930629,1
19930630,1
199306,1
19930702,1
19930705,1
19930706,1
19930710,1
19930716,1
19930731,1
19930805,1
19930806,1
19930806,1
19930807,1
19930809,1
19930811,1
19930812,1
19930813,1
19930815,1
19930815,1
19930827,1
19930827,1
19930828,1
19930901,1
19930902,1
19930904,1
19930907,1
19930910,1
19930913,1
19930914,1
19930914,1
19930921,1
19930922,1
19930923,1
19930927,1
19931001,1
19931005,1
19931006,1
19931011,1
19931011,1
19931011,1
19931012,1
19931015,1
19931021,1
19931023,1
19931025,1
19931101,1
19931103,1
19931104,1
19931106,1
19931108,1
19931108,1
19931117,1
19931118,1
19931120,1
19931122,1
19931122,1
19931122,1
19931123,1
19931123,1
19931125,1
19931129,1
19931130,1
19931202,1
19931203,1
19931209,1
19931210,1
19931215,1
19931219,1
19931220,1
19931223,1
19931224,1
19931224,1
19931227,1
19940101,1
19940101,1
19940106,1
19940107,1
19940111,1
19940116,1
19940201,1
19940215,1
19940216,1
19940225,1
19940226,1
19940301,1
19940301,1
19940302,1
19940303,1
19940304,1
19940308,1
19940309,1
19940309,1
19940314,1
19940315,1
19940324,1
19940324,1
19940325,1
19940325,1
19940325,1
19940325,1
19940325,1
19940326,1
19940328,1
19940329,1
19940329,1
19940330,1
19940418,1
19940421,1
19940421,1
19940427,1
19940501,1
19940502,1
19940503,1
19940505,1
19940507,1
19940515,1
19940517,1
19940523,1
19940526,1
19940601,1
19940601,1
19940601,1
19940602,1
19940602,1
19940602,1
19940603,1
19940603,1
19940603,1
19940604,1
19940606,1
19940607,1
19940607,1
19940607,1
19940609,1
19940609,1
19940610,1
19940611,1
19940614,1
19940622,1
19940624,1
19940702,1
19940702,1
19940706,1
19940719,1
19940723,1
19940723,1
19940809,1
19940811,1
19940815,1
19940815,1
19940817,1
19940822,1
19940831,1
19940907,1
19940910,1
19940915,1
19940917,1
19940927,1
19941001,1
19941006,1
19941006,1
19941012,1
19941014,1
19941015,1
19941016,1
19941018,1
19941021,1
19941024,1
19941025,1
19941027,1
19941028,1
19941031,1
19941101,1
19941107,1
19941110,1
19941110,1
19941111,1
19941111,1
19941112,1
19941113,1
19941115,1
19941116,1
19941117,1
19941117,1
19941118,1
19941119,1
19941121,1
19941125,1
19941129,1
19941130,1
19941204,1
19941207,1
19941209,1
19941210,1
19941210,1
19941212,1
19941214,1
19941215,1
19941215,1
19941220,1
19941224,1
19941224,1
19950101,1
19950101,1
19950106,1
19950126,1
19950126,1
19950207,1
19950213,1
19950215,1
19950216,1
19950224,1
19950227,1
19950227,1
19950228,1
19950301,1
19950301,1
19950302,1
19950302,1
19950302,1
19950303,1
19950303,1
19950303,1
19950304,1
19950304,1
19950304,1
19950305,1
19950305,1
19950305,1
19950306,1
19950306,1
19950306,1
19950307,1
19950307,1
19950307,1
19950308,1
19950309,1
19950309,1
19950309,1
19950309,1
19950310,1
19950311,1
19950313,1
19950315,1
19950320,1
19950321,1
19950322,1
19950323,1
19950324,1
19950328,1
19950403,1
19950412,1
19950420,1
19950421,1
19950424,1
19950425,1
19950425,1
19950427,1
19950505,1
19950510,1
19950513,1
19950515,1
19950516,1
19950520,1
19950523,1
19950524,1
19950526,1
19950529,1
19950530,1
19950530,1
19950531,1
19950601,1
19950601,1
19950602,1
19950603,1
19950612,1
19950614,1
19950620,1
19950624,1
19950703,1
19950707,1
19950707,1
19950719,1
19950722,1
19950723,1
19950724,1
19950726,1
19950726,1
19950726,1
19950727,1
19950727,1
19950727,1
19950727,1
19950729,1
19950729,1
19950805,1
19950815,1
19950815,1
19950821,1
19950828,1
19950829,1
19950830,1
19950831,1
19950901,1
19950913,1
19950914,1
19950922,1
19950922,1
19950922,1
19950927,1
19950928,1
19950929,1
19951001,1
19951002,1
19951009,1
19951011,1
19951011,1
19951012,1
19951012,1
19951016,1
19951016,1
19951017,1
19951017,1
19951018,1
19951019,1
19951019,1
19951019,1
19951020,1
19951020,1
19951020,1
19951022,1
19951023,1
19951023,1
19951024,1
19951026,1
19951028,1
19951101,1
19951103,1
19951107,1
19951114,1
19951114,1
19951117,1
19951119,1
19951128,1
19951130,1
19951201,1
19951201,1
19951212,1
19951214,1
19951215,1
19951219,1
19951220,1
19951221,1
19951225,1
19960101,1
19960105,1
19960105,1
19960109,1
19960119,1
19960206,1
19960207,1
19960209,1
19960215,1
19960222,1
19960222,1
19960223,1
19960224,1
19960224,1
19960226,1
19960227,1
19960228,1
19960229,1
19960301,1
19960301,1
19960301,1
19960304,1
19960305,1
19960305,1
19960309,1
19960311,1
19960313,1
19960313,1
19960314,1
19960315,1
19960315,1
19960318,1
19960318,1
19960321,1
19960322,1
19960322,1
19960327,1
19960328,1
19960329,1
19960402,1
19960402,1
19960408,1
19960416,1
19960420,1
19960424,1
19960425,1
19960429,1
19960430,1
19960501,1
19960501,1
19960505,1
19960507,1
19960509,1
19960511,1
19960511,1
19960514,1
19960516,1
19960516,1
19960523,1
19960527,1
19960529,1
19960530,1
19960531,1
19960601,1
19960605,1
19960606,1
19960606,1
19960609,1
19960610,1
19960612,1
19960612,1
19960614,1
19960622,1
19960623,1
19960625,1
19960628,1
19960628,1
19960701,1
19960701,1
19960701,1
19960703,1
19960705,1
19960706,1
19960708,1
19960709,1
19960709,1
19960715,1
19960719,1
19960722,1
19960801,1
19960802,1
19960812,1
19960814,1
19960814,1
19960814,1
19960815,1
19960820,1
19960823,1
19960824,1
19960828,1
19960831,1
19960902,1
19960903,1
19960904,1
19960904,1
19960904,1
19960906,1
19960906,1
19960906,1
19960909,1
19960909,1
19960909,1
19960909,1
19960910,1
19960911,1
19960913,1
19960913,1
19960913,1
19960913,1
19960915,1
19960916,1
19960917,1
19960919,1
19960923,1
19960923,1
19961001,1
19961001,1
19961002,1
19961002,1
19961007,1
19961008,1
19961011,1
19961012,1
19961014,1
19961015,1
19961015,1
19961019,1
19961021,1
19961021,1
19961023,1
19961024,1
19961025,1
19961028,1
19961030,1
19961106,1
19961107,1
19961107,1
19961110,1
19961111,1
19961111,1
19961111,1
19961112,1
19961113,1
19961117,1
19961120,1
19961120,1
19961121,1
19961122,1
19961126,1
19961128,1
19961129,1
19961130,1
19961202,1
19961202,1
19961202,1
19961203,1
19961205,1
19961206,1
19961209,1
19961212,1
19961216,1
19961218,1
19961219,1
19961225,1
19970101,1
19970101,1
19970106,1
19970107,1
19970109,1
19970110,1
19970115,1
19970121,1
19970125,1
19970203,1
19970220,1
19970225,1
19970226,1
19970301,1
19970305,1
19970310,1
19970312,1
19970312,1
19970313,1
19970314,1
19970315,1
19970316,1
19970317,1
19970317,1
19970317,1
19970317,1
19970318,1
19970320,1
19970320,1
19970325,1
19970331,1
19970403,1
19970410,1
19970414,1
19970416,1
19970419,1
19970421,1
19970421,1
19970422,1
19970501,1
19970505,1
19970505,1
19970507,1
19970513,1
19970515,1
19970515,1
19970516,1
19970520,1
19970523,1
19970526,1
19970527,1
19970528,1
19970530,1
19970531,1
19970531,1
19970602,1
19970602,1
19970603,1
19970604,1
19970605,1
19970605,1
19970606,1
19970611,1
19970616,1
19970623,1
19970625,1
19970625,1
19970626,1
19970627,1
19970627,1
19970627,1
19970702,1
19970703,1
19970709,1
19970715,1
19970721,1
19970728,1
19970808,1
19970815,1
19970817,1
19970825,1
19970827,1
19970829,1
19970831,1
19970901,1
19970901,1
19970902,1
19970902,1
19970903,1
19970904,1
19970905,1
19970911,1
19970922,1
19970925,1
19970928,1
19970930,1
19970930,1
19971001,1
19971002,1
19971008,1
19971010,1
19971015,1
19971016,1
19971020,1
19971020,1
19971021,1
19971022,1
19971027,1
19971029,1
19971031,1
19971104,1
19971106,1
19971106,1
19971107,1
19971107,1
19971108,1
19971110,1
19971110,1
19971111,1
19971112,1
19971122,1
19971126,1
19971128,1
19971129,1
19971129,1
19971201,1
19971204,1
19971208,1
19971210,1
19971211,1
19971212,1
19971213,1
19971219,1
19971223,1
19971224,1
19971225,1
19980101,1
19980106,1
19980114,1
19980114,1
19980121,1
19980122,1
19980123,1
19980225,1
19980225,1
19980301,1
19980302,1
19980303,1
19980303,1
19980316,1
19980318,1
19980320,1
19980323,1
19980324,1
19980325,1
19980327,1
19980328,1
19980330,1
19980402,1
19980404,1
19980405,1
19980406,1
19980413,1
19980415,1
19980416,1
19980418,1
19980420,1
19980421,1
19980421,1
19980423,1
19980427,1
19980428,1
19980429,1
19980429,1
19980430,1
19980430,1
19980501,1
19980502,1
19980503,1
19980505,1
19980506,1
19980507,1
19980509,1
19980510,1
19980514,1
19980515,1
19980516,1
19980518,1
19980520,1
19980525,1
19980526,1
19980528,1
19980529,1
19980529,1
19980530,1
19980601,1
19980605,1
19980605,1
19980606,1
19980607,1
19980608,1
19980608,1
19980609,1
19980609,1
19980609,1
19980609,1
19980610,1
19980610,1
19980610,1
19980610,1
19980612,1
19980612,1
19980614,1
19980616,1
19980625,1
19980626,1
19980630,1
19980701,1
19980701,1
19980703,1
19980704,1
19980708,1
19980709,1
19980713,1
19980720,1
19980722,1
19980724,1
19980726,1
19980811,1
19980811,1
19980814,1
19980815,1
19980818,1
19980818,1
19980819,1
19980820,1
19980825,1
19980901,1
19980902,1
19980904,1
19980909,1
19980911,1
19980911,1
19980911,1
19980915,1
19980917,1
19980917,1
19980917,1
19980917,1
19980920,1
19980923,1
19980924,1
19980925,1
19980926,1
19980928,1
19980928,1
19980929,1
19981001,1
19981002,1
19981002,1
19981007,1
19981008,1
19981008,1
19981008,1
19981008,1
19981009,1
19981009,1
19981010,1
19981010,1
19981019,1
19981019,1
19981020,1
19981020,1
19981021,1
19981021,1
19981023,1
19981024,1
19981025,1
19981025,1
19981026,1
19981029,1
19981031,1
19981103,1
19981106,1
19981107,1
19981109,1
19981112,1
19981113,1
19981113,1
19981114,1
19981116,1
19981119,1
19981119,1
19981120,1
19981121,1
19981121,1
19981124,1
19981129,1
19981130,1
19981201,1
19981202,1
19981208,1
19981208,1
19981208,1
19981210,1
19981210,1
19981210,1
19981211,1
19981212,1
19981216,1
19981217,1
19981218,1
19981218,1
19981218,1
19981218,1
19981221,1
19981223,1
19981228,1
19990101,1
19990101,1
19990105,1
19990122,1
19990129,1
19990202,1
19990203,1
19990204,1
19990219,1
19990221,1
19990222,1
19990224,1
19990226,1
19990227,1
19990228,1
19990301,1
19990301,1
19990303,1
19990307,1
19990310,1
19990312,1
19990312,1
19990315,1
19990318,1
19990320,1
19990331,1
19990402,1
19990404,1
19990408,1
19990409,1
19990410,1
19990412,1
19990412,1
19990416,1
19990416,1
19990417,1
19990419,1
19990420,1
19990421,1
19990422,1
19990423,1
19990426,1
19990427,1
19990427,1
19990430,1
19990504,1
19990505,1
19990505,1
19990512,1
19990514,1
19990515,1
19990517,1
19990517,1
19990522,1
19990524,1
19990527,1
19990528,1
19990528,1
19990529,1
19990530,1
19990530,1
19990531,1
19990531,1
19990602,1
19990605,1
19990606,1
19990607,1
19990610,1
19990615,1
19990615,1
19990616,1
19990623,1
19990625,1
19990703,1
19990704,1
19990704,1
19990705,1
19990705,1
19990713,1
19990715,1
19990719,1
19990721,1
19990815,1
19990815,1
19990827,1
19990830,1
19990830,1
19990908,1
19990911,1
19990913,1
19990914,1
19990914,1
19990915,1
19990916,1
19990916,1
19990916,1
19990917,1
19990920,1
19990921,1
19990922,1
19990928,1
19990930,1
19991001,1
19991001,1
19991004,1
19991005,1
19991005,1
19991005,1
19991006,1
19991006,1
19991007,1
19991007,1
19991009,1
19991009,1
19991010,1
19991011,1
19991011,1
19991014,1
19991015,1
19991016,1
19991019,1
19991019,1
19991020,1
19991021,1
19991025,1
19991103,1
19991108,1
19991109,1
19991110,1
19991110,1
19991111,1
19991117,1
19991119,1
19991123,1
19991125,1
19991126,1
19991129,1
19991129,1
19991129,1
19991201,1
19991202,1
19991202,1
19991202,1
19991203,1
19991204,1
19991208,1
19991219,1
19991221,1
19991223,1
19991229,1
19991229,1
20000101,1
20000101,1
20000101,1
20000101,1
20000103,1
20000104,1
20000107,1
20000117,1
20000120,1
20000129,1
20000204,1
20000208,1
20000210,1
20000211,1
20000225,1
20000226,1
20000228,1
20000229,1
20000301,1
20000301,1
20000301,1
20000303,1
20000304,1
20000304,1
20000305,1
20000306,1
20000306,1
20000306,1
20000307,1
20000307,1
20000307,1
20000307,1
20000308,1
20000308,1
20000308,1
20000309,1
20000309,1
20000309,1
20000309,1
20000310,1
20000311,1
20000313,1
20000314,1
20000315,1
20000316,1
20000317,1
20000317,1
20000318,1
20000319,1
20000320,1
20000321,1
20000322,1
20000322,1
20000326,1
20000327,1
20000331,1
20000331,1
20000501,1
20000505,1
20000515,1
20000515,1
20000516,1
20000517,1
20000518,1
20000519,1
20000528,1
20000529,1
20000529,1
20000605,1
20000605,1
20000606,1
20000613,1
20000613,1
20000613,1
20000614,1
20000615,1
20000615,1
20000625,1
20000625,1
20000626,1
20000629,1
20000701,1
20000705,1
20000706,1
20000711,1
20000718,1
20000721,1
20000801,1
20000801,1
20000809,1
20000814,1
20000815,1
20000815,1
20000821,1
20000824,1
20000830,1
20000901,1
20000904,1
20000906,1
20000908,1
20000910,1
20000918,1
20000920,1
20000922,1
20000922,1
20000922,1
20000922,1
20000923,1
20000923,1
20000925,1
20000928,1
20000928,1
20000929,1
20001001,1
20001005,1
20001008,1
20001012,1
20001016,1
20001018,1
20001018,1
20001019,1
20001020,1
20001020,1
20001021,1
20001021,1
20001024,1
20001024,1
20001024,1
20001025,1
20001026,1
20001027,1
20001029,1
20001030,1
20001102,1
20001102,1
20001103,1
20001105,1
20001108,1
20001109,1
20001110,1
20001110,1
20001111,1
20001112,1
20001113,1
20001113,1
20001113,1
20001120,1
20001123,1
20001123,1
20001125,1
20001126,1
20001127,1
20001127,1
20001128,1
20001128,1
20001130,1
20001204,1
20001205,1
20001208,1
20001209,1
20001210,1
20001210,1
20001210,1
20001210,1
20001211,1
20001211,1
20001212,1
20001212,1
20001214,1
20001220,1
20001223,1
20001227,1
20010101,1
20010101,1
20010104,1
20010105,1
20010110,1
20010111,1
20010116,1
20010116,1
20010118,1
20010129,1
20010201,1
20010204,1
20010209,1
20010212,1
20010215,1
20010221,1
20010223,1
20010227,1
20010227,1
20010228,1
20010301,1
20010301,1
20010302,1
20010306,1
20010309,1
20010310,1
20010310,1
20010311,1
20010312,1
20010313,1
20010314,1
20010316,1
20010319,1
20010320,1
20010322,1
20010323,1
20010326,1
20010328,1
20010406,1
20010408,1
20010410,1
20010410,1
20010415,1
20010417,1
20010418,1
20010420,1
20010421,1
20010423,1
20010423,1
20010426,1
20010428,1
20010430,1
20010501,1
20010502,1
20010503,1
20010504,1
20010505,1
20010510,1
20010514,1
20010515,1
20010519,1
20010523,1
20010525,1
20010531,1
20010531,1
20010602,1
20010604,1
20010605,1
20010606,1
20010607,1
20010611,1
20010612,1
20010616,1
20010620,1
20010624,1
20010625,1
20010625,1
20010628,1
20010703,1
20010710,1
20010716,1
20010719,1
20010720,1
20010720,1
20010723,1
20010806,1
20010809,1
20010813,1
20010815,1
20010815,1
20010817,1
20010822,1
20010823,1
20010823,1
20010826,1
20010906,1
20010910,1
20010911,1
20010912,1
20010913,1
20010924,1
20010925,1
20010927,1
20010928,1
20010929,1
20011005,1
20011007,1
20011008,1
20011009,1
20011010,1
20011011,1
20011012,1
20011012,1
20011013,1
20011013,1
20011015,1
20011016,1
20011017,1
20011018,1
20011020,1
20011020,1
20011021,1
20011022,1
20011026,1
20011026,1
20011030,1
20011031,1
20011101,1
20011102,1
20011104,1
20011105,1
20011106,1
20011106,1
20011108,1
20011109,1
20011110,1
20011113,1
20011121,1
20011128,1
20011128,1
20011130,1
20011201,1
20011202,1
20011203,1
20011204,1
20011205,1
20011206,1
20011206,1
20011207,1
20011208,1
20011210,1
20011210,1
20011211,1
20011212,1
20011218,1
20011218,1
20011221,1
20011224,1
20011226,1
20011229,1
20020101,1
20020101,1
20020102,1
20020103,1
20020104,1
20020114,1
20020124,1
20020124,1
20020125,1
20020128,1
20020129,1
20020129,1
20020206,1
20020209,1
20020220,1
20020220,1
20020220,1
20020220,1
20020223,1
20020225,1
20020228,1
20020301,1
20020305,1
20020306,1
20020307,1
20020308,1
20020312,1
20020314,1
20020315,1
20020315,1
20020318,1
20020320,1
20020320,1
20020322,1
20020322,1
20020322,1
20020325,1
20020326,1
20020329,1
20020329,1
20020330,1
20020330,1
20020331,1
20020405,1
20020406,1
20020409,1
20020409,1
20020420,1
20020421,1
20020422,1
20020429,1
20020429,1
20020501,1
20020505,1
20020506,1
20020509,1
20020509,1
20020517,1
20020517,1
20020519,1
20020520,1
20020523,1
20020524,1
20020528,1
20020530,1
20020530,1
20020531,1
20020531,1
20020531,1
20020601,1
20020601,1
20020606,1
20020607,1
20020621,1
20020623,1
20020623,1
20020624,1
20020624,1
20020628,1
20020628,1
20020630,1
20020701,1
20020701,1
20020701,1
20020702,1
20020702,1
20020703,1
20020703,1
20020705,1
20020709,1
20020715,1
20020716,1
20020730,1
20020810,1
20020812,1
20020815,1
20020822,1
20020831,1
20020901,1
20020902,1
20020903,1
20020903,1
20020911,1
20020911,1
20020914,1
20020914,1
20020916,1
20020920,1
20020922,1
20020923,1
20020925,1
20020927,1
20020930,1
20020930,1
20021001,1
20021007,1
20021008,1
20021009,1
20021009,1
20021010,1
20021011,1
20021015,1
20021016,1
20021019,1
20021021,1
20021022,1
20021023,1
20021024,1
20021026,1
20021026,1
20021027,1
20021028,1
20021030,1
20021101,1
20021106,1
20021107,1
20021108,1
20021108,1
20021109,1
20021110,1
20021111,1
20021111,1
20021112,1
20021114,1
20021117,1
20021122,1
20021129,1
20021129,1
20021204,1
20021206,1
20021209,1
20021211,1
20021221,1
20030101,1
20030102,1
20030106,1
20030110,1
20030114,1
20030116,1
20030117,1
20030121,1
20030123,1
20030212,1
20030217,1
20030225,1
20030225,1
20030225,1
20030228,1
20030228,1
20030301,1
20030307,1
20030311,1
20030313,1
20030315,1
20030318,1
20030319,1
20030320,1
20030322,1
20030326,1
20030402,1
20030404,1
20030408,1
20030411,1
20030412,1
20030413,1
20030417,1
20030418,1
20030420,1
20030421,1
20030422,1
20030422,1
20030428,1
20030508,1
20030510,1
20030511,1
20030513,1
20030513,1
20030514,1
20030514,1
20030515,1
20030517,1
20030518,1
20030519,1
20030522,1
20030526,1
20030528,1
20030530,1
20030531,1
20030531,1
20030602,1
20030604,1
20030605,1
20030606,1
20030606,1
20030607,1
20030608,1
20030609,1
20030609,1
20030610,1
20030610,1
20030611,1
20030614,1
20030619,1
20030620,1
20030625,1
20030626,1
20030630,1
20030702,1
20030704,1
20030708,1
20030709,1
20030710,1
20030710,1
20030718,1
20030720,1
20030721,1
20030724,1
20030725,1
20030727,1
20030727,1
20030729,1
20030730,1
20030730,1
20030808,1
20030812,1
20030813,1
20030815,1
20030824,1
20030825,1
20030901,1
20030903,1
20030904,1
20030906,1
20030908,1
20030909,1
20030916,1
20030916,1
20030924,1
20030926,1
20030927,1
20030929,1
20030930,1
20030930,1
20031001,1
20031002,1
20031002,1
20031006,1
20031007,1
20031008,1
20031009,1
20031010,1
20031013,1
20031013,1
20031016,1
20031019,1
20031024,1
20031027,1
20031027,1
20031028,1
20031029,1
20031031,1
20031031,1
20031031,1
20031101,1
20031103,1
20031103,1
20031106,1
20031106,1
20031106,1
20031111,1
20031111,1
20031113,1
20031114,1
20031114,1
20031117,1
20031120,1
20031121,1
20031121,1
20031122,1
20031124,1
20031127,1
20031128,1
20031129,1
20031204,1
20031204,1
20031205,1
20031205,1
20031209,1
20031210,1
20031210,1
20031210,1
20031211,1
20031211,1
20031212,1
20031215,1
20031217,1
20031217,1
20031218,1
20031223,1
20031226,1
20031226,1
20031226,1
20040101,1
20040102,1
20040106,1
20040107,1
20040114,1
20040115,1
20040120,1
20040122,1
20040126,1
20040126,1
20040127,1
20040127,1
20040129,1
20040130,1
20040130,1
20040131,1
20040204,1
20040206,1
20040209,1
20040220,1
20040220,1
20040220,1
20040220,1
20040223,1
20040226,1
20040227,1
20040227,1
20040228,1
20040229,1
20040301,1
20040301,1
20040302,1
20040309,1
20040310,1
20040310,1
20040312,1
20040515,1
20040515,1
20040517,1
20040518,1
20040525,1
20040527,1
20040527,1
20040529,1
20040531,1
20040601,1
20040605,1
20040605,1
20040606,1
20040607,1
20040608,1
20040608,1
20040609,1
20040610,1
20040614,1
20040615,1
20040615,1
20040616,1
20040623,1
20040625,1
20040628,1
20040629,1
20040701,1
20040701,1
20040702,1
20040705,1
20040705,1
20040714,1
20040716,1
20040716,1
20040724,1
20040727,1
20040804,1
20040815,1
20040817,1
20040817,1
20040820,1
20040823,1
20040825,1
20040825,1
20040901,1
20040902,1
20040903,1
20040905,1
20040906,1
20040906,1
20040907,1
20040908,1
20040910,1
20040914,1
20040915,1
20040916,1
20040917,1
20040918,1
20040920,1
20040921,1
20040922,1
20040922,1
20040925,1
20040928,1
20040928,1
20041001,1
20041004,1
20041008,1
20041010,1
20041010,1
20041011,1
20041012,1
20041012,1
20041014,1
20041016,1
20041019,1
20041021,1
20041025,1
20041027,1
20041028,1
20041029,1
20041029,1
20041030,1
20041103,1
20041104,1
20041107,1
20041111,1
20041111,1
20041111,1
20041111,1
20041112,1
20041112,1
20041115,1
20041115,1
20041116,1
20041116,1
20041118,1
20041118,1
20041118,1
20041118,1
20041118,1
20041119,1
20041120,1
20041122,1
20041125,1
20041126,1
20041128,1
20041201,1
20041202,1
20041202,1
20041203,1
20041203,1
20041204,1
20041204,1
20041204,1
20041206,1
20041206,1
20041206,1
20041207,1
20041208,1
20041208,1
20041210,1
20041213,1
20041214,1
20041215,1
20041231,1
20050101,1
20050113,1
20050113,1
20050127,1
20050128,1
20050206,1
20050209,1
20050209,1
20050209,1
20050218,1
20050218,1
20050222,1
20050225,1
20050301,1
20050302,1
20050303,1
20050303,1
20050307,1
20050308,1
20050309,1
20050310,1
20050315,1
20050315,1
20050317,1
20050320,1
20050322,1
20050322,1
20050323,1
20050323,1
20050327,1
20050327,1
20050328,1
20050331,1
20050402,1
20050411,1
20050411,1
20050412,1
20050412,1
20050413,1
20050414,1
20050415,1
20050416,1
20050416,1
20050420,1
20050422,1
20050426,1
20050427,1
20050427,1
20050429,1
20050429,1
20050502,1
20050504,1
20050504,1
20050505,1
20050510,1
20050511,1
20050513,1
20050513,1
20050514,1
20050515,1
20050517,1
20050518,1
20050518,1
20050519,1
20050519,1
20050520,1
20050520,1
20050524,1
20050524,1
20050525,1
20050526,1
20050527,1
20050527,1
20050530,1
20050531,1
20050604,1
20050606,1
20050606,1
20050610,1
20050613,1
20050616,1
20050623,1
20050625,1
20050627,1
20050629,1
20050701,1
20050705,1
20050706,1
20050712,1
20050728,1
20050731,1
20050801,1
20050813,1
20050813,1
20050814,1
20050815,1
20050815,1
20050816,1
20050818,1
20050825,1
20050826,1
20050829,1
20050830,1
20050906,1
20050909,1
20050909,1
20050909,1
20050912,1
20050912,1
20050912,1
20050914,1
20050915,1
20050915,1
20050916,1
20050929,1
20050930,1
20050930,1
20051001,1
20051001,1
20051005,1
20051005,1
20051008,1
20051010,1
20051011,1
20051012,1
20051013,1
20051013,1
20051014,1
20051016,1
20051018,1
20051018,1
20051021,1
20051024,1
20051025,1
20051028,1
20051101,1
20051104,1
20051106,1
20051107,1
20051108,1
20051109,1
20051111,1
20051111,1
20051114,1
20051116,1
20051116,1
20051118,1
20051118,1
20051118,1
20051119,1
20051119,1
20051119,1
20051130,1
20051130,1
20051201,1
20051201,1
20051203,1
20051206,1
20051207,1
20051208,1
20051209,1
20051212,1
20051215,1
20051215,1
20051215,1
20051216,1
20051219,1
20051219,1
20051224,1
20051225,1
20060101,1
20060112,1
20060118,1
20060119,1
20060125,1
20060125,1
20060206,1
20060207,1
20060207,1
20060215,1
20060218,1
20060226,1
20060228,1
20060301,1
20060301,1
20060303,1
20060308,1
20060309,1
20060310,1
20060312,1
20060312,1
20060312,1
20060315,1
20060316,1
20060317,1
20060321,1
20060323,1
20060324,1
20060328,1
20060329,1
20060330,1
20060331,1
20060402,1
20060403,1
20060406,1
20060406,1
20060409,1
20060413,1
20060414,1
20060420,1
20060420,1
20060420,1
20060425,1
20060427,1
20060503,1
20060504,1
20060505,1
20060508,1
20060508,1
20060511,1
20060511,1
20060514,1
20060515,1
20060517,1
20060518,1
20060602,1
20060606,1
20060607,1
20060609,1
20060616,1
20060616,1
20060621,1
20060623,1
20060626,1
20060630,1
20060701,1
20060701,1
20060701,1
20060707,1
20060707,1
20060726,1
20060803,1
20060808,1
20060815,1
20060817,1
20060821,1
20060824,1
20060829,1
20060901,1
20060903,1
20060904,1
20060904,1
20060904,1
20060906,1
20060906,1
20060906,1
20060907,1
20060908,1
20060908,1
20060910,1
20060910,1
20060911,1
20060913,1
20060914,1
20060921,1
20060922,1
20060928,1
20060928,1
20061001,1
20061002,1
20061004,1
20061009,1
20061009,1
20061013,1
20061013,1
20061017,1
20061017,1
20061019,1
20061020,1
20061024,1
20061025,1
20061027,1
20061105,1
20061106,1
20061106,1
20061107,1
20061108,1
20061108,1
20061110,1
20061114,1
20061120,1
20061120,1
20061121,1
20061122,1
20061123,1
20061124,1
20061124,1
20061127,1
20061130,1
20061204,1
20061204,1
20061204,1
20061206,1
20061206,1
20061207,1
20061208,1
20061208,1
20061218,1
20061221,1
20061224,1
20070101,1
20070101,1
20070109,1
20070111,1
20070117,1
20070123,1
20070125,1
20070131,1
20070207,1
20070212,1
20070213,1
20070213,1
20070213,1
20070214,1
20070214,1
20070214,1
20070215,1
20070215,1
20070217,1
20070227,1
20070228,1
20070301,1
20070302,1
20070302,1
20070308,1
20070309,1
20070312,1
20070314,1
20070315,1
20070316,1
20070325,1
20070325,1
20070326,1
20070327,1
20070328,1
20070402,1
20070402,1
20070403,1
20070404,1
20070406,1
20070408,1
20070410,1
20070412,1
20070418,1
20070419,1
20070423,1
20070426,1
20070427,1
20070428,1
20070429,1
20070429,1
20070430,1
20070502,1
20070505,1
20070508,1
20070508,1
20070515,1
20070518,1
20070522,1
20070524,1
20070525,1
20070528,1
20070530,1
20070601,1
20070602,1
20070604,1
20070606,1
20070607,1
20070608,1
20070610,1
20070613,1
20070616,1
20070619,1
20070619,1
20070620,1
20070620,1
20070622,1
20070625,1
20070627,1
20070628,1
20070704,1
20070704,1
20070717,1
20070719,1
20070720,1
20070721,1
20070724,1
20070810,1
20070815,1
20070818,1
20070822,1
20070901,1
20070903,1
20070912,1
20070914,1
20070914,1
20070914,1
20070917,1
20070922,1
20070929,1
20071001,1
20071002,1
20071002,1
20071002,1
20071003,1
20071004,1
20071004,1
20071008,1
20071008,1
20071008,1
20071009,1
20071010,1
20071012,1
20071015,1
20071016,1
20071016,1
20071018,1
20071019,1
20071023,1
20071024,1
20071025,1
20071026,1
20071027,1
20071030,1
20071031,1
20071031,1
20071031,1
20071101,1
20071102,1
20071108,1
20071108,1
20071109,1
20071109,1
20071109,1
20071112,1
20071113,1
20071113,1
20071114,1
20071115,1
20071116,1
20071119,1
20071124,1
20071126,1
20071127,1
20071130,1
20071201,1
20071213,1
20080101,1
20080124,1
20080128,1
20080225,1
20080228,1
20080301,1
20080305,1
20080310,1
20080311,1
20080314,1
20080315,1
20080318,1
20080319,1
20080320,1
20080321,1
20080322,1
20080322,1
20080326,1
20080328,1
20080404,1
20080404,1
20080404,1
20080407,1
20080413,1
20080415,1
20080415,1
20080415,1
20080415,1
20080416,1
20080416,1
20080416,1
20080416,1
20080417,1
20080417,1
20080417,1
20080417,1
20080418,1
20080420,1
20080421,1
20080423,1
20080428,1
20080429,1
20080429,1
20080505,1
20080505,1
20080506,1
20080507,1
20080512,1
20080512,1
20080513,1
20080515,1
20080515,1
20080515,1
20080518,1
20080519,1
20080519,1
20080519,1
20080521,1
20080522,1
20080522,1
20080523,1
20080523,1
20080525,1
20080528,1
20080528,1
20080529,1
20080529,1
20080530,1
20080603,1
20080605,1
20080606,1
20080610,1
20080616,1
20080617,1
20080619,1
20080620,1
20080620,1
20080620,1
20080621,1
20080621,1
20080621,1
20080627,1
20080701,1
20080701,1
20080703,1
20080703,1
20080703,1
20080704,1
20080710,1
20080711,1
20080712,1
20080717,1
20080721,1
20080725,1
20080726,1
20080730,1
20080801,1
20080804,1
20080808,1
20080808,1
20080814,1
20080815,1
20080822,1
20080825,1
20080825,1
20080825,1
20080826,1
20080829,1
20080901,1
20080901,1
20080902,1
20080902,1
20080902,1
20080902,1
20080903,1
20080903,1
20080903,1
20080905,1
20080905,1
20080908,1
20080909,1
20080909,1
20080910,1
20080910,1
20080912,1
20080917,1
20080919,1
20080922,1
20080923,1
20080924,1
20080926,1
20080926,1
20080926,1
20080926,1
20080926,1
20080928,1
20080928,1
20080930,1
20080930,1
20081001,1
20081001,1
20081001,1
20081002,1
20081009,1
20081010,1
20081010,1
20081010,1
20081010,1
20081010,1
20081011,1
20081013,1
20081013,1
20081014,1
20081014,1
20081015,1
20081015,1
20081017,1
20081018,1
20081021,1
20081021,1
20081023,1
20081024,1
20081025,1
20081025,1
20081027,1
20081028,1
20081030,1
20081103,1
20081105,1
20081107,1
20081107,1
20081113,1
20081114,1
20081115,1
20081115,1
20081117,1
20081117,1
20081121,1
20081121,1
20081122,1
20081122,1
20081122,1
20081123,1
20081127,1
20081129,1
20081201,1
20081201,1
20081201,1
20081201,1
20081201,1
20081202,1
20081204,1
20081205,1
20081208,1
20081211,1
20081212,1
20081215,1
20081222,1
20081222,1
20081225,1
20081231,1
20081231,1
20081231,1
20081231,1
20090101,1
20090102,1
20090105,1
20090105,1
20090111,1
20090111,1
20090112,1
20090113,1
20090115,1
20090124,1
20090125,1
20090129,1
20090130,1
20090205,1
20090209,1
20090211,1
20090211,1
20090219,1
20090219,1
20090220,1
20090221,1
20090223,1
20090223,1
20090224,1
20090226,1
20090227,1
20090227,1
20090301,1
20090303,1
20090303,1
20090304,1
20090307,1
20090309,1
20090310,1
20090312,1
20090312,1
20090313,1
20090313,1
20090315,1
20090318,1
20090320,1
20090320,1
20090323,1
20090324,1
20090326,1
20090327,1
20090401,1
20090403,1
20090406,1
20090406,1
20090408,1
20090412,1
20090413,1
20090415,1
20090415,1
20090415,1
20090419,1
20090420,1
20090420,1
20090421,1
20090422,1
20090422,1
20090423,1
20090424,1
20090424,1
20090428,1
20090430,1
20090502,1
20090503,1
20090504,1
20090504,1
20090505,1
20090506,1
20090507,1
20090511,1
20090511,1
20090512,1
20090512,1
20090513,1
20090515,1
20090518,1
20090519,1
20090521,1
20090522,1
20090522,1
20090522,1
20090522,1
20090522,1
20090523,1
20090525,1
20090525,1
20090526,1
20090601,1
20090601,1
20090601,1
20090602,1
20090602,1
20090603,1
20090603,1
20090604,1
20090606,1
20090609,1
20090610,1
20090611,1
20090611,1
20090614,1
20090615,1
20090615,1
20090616,1
20090617,1
20090619,1
20090623,1
20090626,1
20090629,1
20090701,1
20090701,1
20090701,1
20090706,1
20090707,1
20090709,1
20090710,1
20090712,1
20090712,1
20090716,1
20090716,1
20090724,1
20090724,1
20090726,1
20090727,1
20090731,1
20090804,1
20090807,1
20090810,1
20090815,1
20090816,1
20090817,1
20090819,1
20090824,1
20090824,1
20090827,1
20090903,1
20090907,1
20090907,1
20090909,1
20090914,1
20090916,1
20090917,1
20090917,1
20090918,1
20090918,1
20090918,1
20090918,1
20090919,1
20090921,1
20090921,1
20090922,1
20090923,1
20090923,1
20090924,1
20090925,1
20090929,1
20090930,1
20091001,1
20091001,1
20091002,1
20091007,1
20091008,1
20091009,1
20091010,1
20091012,1
20091013,1
20091015,1
20091016,1
20091017,1
20091019,1
20091020,1
20091021,1
20091021,1
20091022,1
20091023,1
20091026,1
20091027,1
20091029,1
20091101,1
20091102,1
20091102,1
20091103,1
20091103,1
20091104,1
20091105,1
20091109,1
20091111,1
20091113,1
20091116,1
20091116,1
20091118,1
20091119,1
20091120,1
20091123,1
20091123,1
20091127,1
20091127,1
20091130,1
20091130,1
20091201,1
20091202,1
20091204,1
20091204,1
20091210,1
20091214,1
20091214,1
20091217,1
20091219,1
20091220,1
20091227,1
20091228,1
20100101,1
20100101,1
20100101,1
20100104,1
20100106,1
20100108,1
20100110,1
20100110,1
20100111,1
20100112,1
20100118,1
20100120,1
20100121,1
20100125,1
20100125,1
20100128,1
20100201,1
20100205,1
20100208,1
20100208,1
20100211,1
20100213,1
20100217,1
20100222,1
20100224,1
20100226,1
20100301,1
20100302,1
20100305,1
20100308,1
20100310,1
20100311,1
20100311,1
20100315,1
20100322,1
20100325,1
20100329,1
20100402,1
20100405,1
20100408,1
20100419,1
20100419,1
20100420,1
20100422,1
20100422,1
20100427,1
20100428,1
20100502,1
20100503,1
20100504,1
20100514,1
20100517,1
20100517,1
20100518,1
20100519,1
20100520,1
20100524,1
20100524,1
20100528,1
20100529,1
20100530,1
20100530,1
20100601,1
20100602,1
20100603,1
20100604,1
20100604,1
20100606,1
20100609,1
20100609,1
20100610,1
20100611,1
20100611,1
20100611,1
20100614,1
20100615,1
20100616,1
20100618,1
20100625,1
20100627,1
20100701,1
20100701,1
20100701,1
20100701,1
20100708,1
20100712,1
20100712,1
20100721,1
20100722,1
20100722,1
20100726,1
20100729,1
20100809,1
20100812,1
20100815,1
20100821,1
20100823,1
20100823,1
20100826,1
20100827,1
20100827,1
20100828,1
20100902,1
20100906,1
20100908,1
20100910,1
20100915,1
20100915,1
20100915,1
20100916,1
20100917,1
20100920,1
20100928,1
20100929,1
20100930,1
20100930,1
20101004,1
20101008,1
20101008,1
20101008,1
20101011,1
20101018,1
20101021,1
20101022,1
20101025,1
20101026,1
20101101,1
20101108,1
20101111,1
20101112,1
20101115,1
20101129,1
20101129,1
20101206,1
20101213,1
20101215,1
20101217,1
20101221,1
20101227,1
20110101,1
20110103,1
20110104,1
20110105,1
20110107,1
20110110,1
20110110,1
20110117,1
20110124,1
20110207,1
20110221,1
20110224,1
20110301,1
20110303,1
20110304,1
20110305,1
20110307,1
20110318,1
20110321,1
20110324,1
20110329,1
20110401,1
20110404,1
20110405,1
20110406,1
20110408,1
20110412,1
20110413,1
20110416,1
20110418,1
20110418,1
20110428,1
20110428,1
20110501,1
20110502,1
20110510,1
20110513,1
20110516,1
20110517,1
20110517,1
20110518,1
20110519,1
20110530,1
20110530,1
20110530,1
20110606,1
20110606,1
20110610,1
20110611,1
20110613,1
20110614,1
20110615,1
20110627,1
20110630,1
20110701,1
20110704,1
20110704,1
20110706,1
20110713,1
20110715,1
20110725,1
20110725,1
20110808,1
20110811,1
20110815,1
20110822,1
20110827,1
20110829,1
20110829,1
20110901,1
20110902,1
20110902,1
20110905,1
20110906,1
20110907,1
20110907,1
20110916,1
20110919,1
20110920,1
20110921,1
20110922,1
20110922,1
20110922,1
20110923,1
20110926,1
20110927,1
20110928,1
20110929,1
20111001,1
20111001,1
20111001,1
20111003,1
20111005,1
20111006,1
20111006,1
20111007,1
20111010,1
20111010,1
20111012,1
20111013,1
20111013,1
20111013,1
20111013,1
20111015,1
20111017,1
20111020,1
20111020,1
20111021,1
20111021,1
20111022,1
20111027,1
20111028,1
20111028,1
20111028,1
20111030,1
20111031,1
20111102,1
20111105,1
20111106,1
20111108,1
20111109,1
20111109,1
20111114,1
20111116,1
20111118,1
20111121,1
20111121,1
20111124,1
20111128,1
20111128,1
20111128,1
20111130,1
20111201,1
20111212,1
20111212,1
20111222,1
20111226,1
20111226,1
20120101,1
20120102,1
20120104,1
20120104,1
20120113,1
20120116,1
20120206,1
20120206,1
20120220,1
20120223,1
20120228,1
20120228,1
20120301,1
20120305,1
20120306,1
20120308,1
20120313,1
20120314,1
20120315,1
20120316,1
20120317,1
20120319,1
20120320,1
20120324,1
20120326,1
20120328,1
20120328,1
20120402,1
20120402,1
20120406,1
20120416,1
20120418,1
20120428,1
20120429,1
20120430,1
20120503,1
20120504,1
20120514,1
20120515,1
20120516,1
20120517,1
20120517,1
20120521,1
20120522,1
20120522,1
20120528,1
20120528,1
20120530,1
20120601,1
20120604,1
20120604,1
20120606,1
20120608,1
20120610,1
20120611,1
20120611,1
20120614,1
20120620,1
20120622,1
20120624,1
20120625,1
20120625,1
20120702,1
20120702,1
20120709,1
20120709,1
20120709,1
20120711,1
20120711,1
20120711,1
20120723,1
20120727,1
20120801,1
20120806,1
20120808,1
20120815,1
20120820,1
20120820,1
20120831,1
20120903,1
20120907,1
20120915,1
20120915,1
20120917,1
20120917,1
20120924,1
20120924,1
20120926,1
20120927,1
20120927,1
20120929,1
20121004,1
20121004,1
20121009,1
20121011,1
20121013,1
20121015,1
20121016,1
20121016,1
20121019,1
20121023,1
20121026,1
20121029,1
20121104,1
20121104,1
20121108,1
20121112,1
20121113,1
20121121,1
20121123,1
20121126,1
20121203,1
20121204,1
20121205,1
20121210,1
20121213,1
20121220,1
20121224,1
20121226,1
20130101,1
20130102,1
20130107,1
20130113,1
20130121,1
20130207,1
20130224,1
20130228,1
20130304,1
20130308,1
20130314,1
20130326,1
20130327,1
20130404,1
20130415,1
20130417,1
20130417,1
20130417,1
20130417,1
20130417,1
20130419,1
20130425,1
20130504,1
20130504,1
20130507,1
20130507,1
20130515,1
20130518,1
20130521,1
20130521,1
20130521,1
20130522,1
20130605,1
20130605,1
20130606,1
20130618,1
20130624,1
20130627,1
20130627,1
20130628,1
20130629,1
20130702,1
20130709,1
20130709,1
20130710,1
20130716,1
20130722,1
20130725,1
20130725,1
20130725,1
20130727,1
20130812,1
20130814,1
20130820,1
20130820,1
20130820,1
20130821,1
20130822,1
20130827,1
20130901,1
20130905,1
20130907,1
20130909,1
20130923,1
20130927,1
20130929,1
20130930,1
20130930,1
20131002,1
20131002,1
20131002,1
20131005,1
20131010,1
20131010,1
20131015,1
20131016,1
20131018,1
20131018,1
20131019,1
20131020,1
20131023,1
20131023,1
20131023,1
20131023,1
20131023,1
20131029,1
20131030,1
20131030,1
20131102,1
20131105,1
20131105,1
20131105,1
20131111,1
20131111,1
20131112,1
20131114,1
20131115,1
20131118,1
20131122,1
20131122,1
20131122,1
20131124,1
20131127,1
20131128,1
20131203,1
20131203,1
20131204,1
20131208,1
20131211,1
20131216,1
20131216,1
20131231,1
20140102,1
20140105,1
20140105,1
20140107,1
20140107,1
20140107,1
20140107,1
20140109,1
20140114,1
20140121,1
20140203,1
20140210,1
20140217,1
20140217,1
20140217,1
20140224,1
20140228,1
20140302,1
20140305,1
20140305,1
20140310,1
20140310,1
20140312,1
20140326,1
20140327,1
20140328,1
20140403,1
20140403,1
20140415,1
20140415,1
20140415,1
20140513,1
20140513,1
20140518,1
20140519,1
20140519,1
20140528,1
20140605,1
20140610,1
20140610,1
20140610,1
20140615,1
20140616,1
20140617,1
20140618,1
20140623,1
20140630,1
20140703,1
20140706,1
20140707,1
20140713,1
20140715,1
20140721,1
20140808,1
20140808,1
20140808,1
20140812,1
20140814,1
20140815,1
20140818,1
20140818,1
20140818,1
20140821,1
20140827,1
20140827,1
20140827,1
20140831,1
20140901,1
20140912,1
20140912,1
20140912,1
20140915,1
20140916,1
20140918,1
20140918,1
20140918,1
20140918,1
20140919,1
20140921,1
20140922,1
20140922,1
20140923,1
20140928,1
20140930,1
20141002,1
20141005,1
20141006,1
20141006,1
20141006,1
20141006,1
20141006,1
20141006,1
20141009,1
20141009,1
20141013,1
20141014,1
20141014,1
20141019,1
20141020,1
20141022,1
20141024,1
20141024,1
20141024,1
20141024,1
20141024,1
20141027,1
20141027,1
20141027,1
20141027,1
20141027,1
20141027,1
20141028,1
20141029,1
20141103,1
20141106,1
20141106,1
20141106,1
20141106,1
20141106,1
20141120,1
20141120,1
20141123,1
20141123,1
20141126,1
20141202,1
20141202,1
20141204,1
20141205,1
20141205,1
20141207,1
20141210,1
20141216,1
20141216,1
20141222,1
20150102,1
20150104,1
20150108,1
20150111,1
20150113,1
20150120,1
20150120,1
20150126,1
20150204,1
20150210,1
20150217,1
20150301,1
20150301,1
20150303,1
20150303,1
20150304,1
20150305,1
20150307,1
20150311,1
20150311,1
20150312,1
20150315,1
20150317,1
20150318,1
20150318,1
20150325,1
20150327,1
20150329,1
20150331,1
20150407,1
20150407,1
20150407,1
20150407,1
20150408,1
20150411,1
20150414,1
20150416,1
20150417,1
20150418,1
20150419,1
20150420,1
20150421,1
20150424,1
20150504,1
20150506,1
20150507,1
20150508,1
20150508,1
20150508,1
20150510,1
20150513,1
20150513,1
20150513,1
20150513,1
20150513,1
20150514,1
20150518,1
20150518,1
20150518,1
20150519,1
20150521,1
20150526,1
20150526,1
20150526,1
20150526,1
20150526,1
20150601,1
20150601,1
20150601,1
20150601,1
20150601,1
20150605,1
20150618,1
20150623,1
20150624,1
20150625,1
20150629,1
20150629,1
20150630,1
20150705,1
20150713,1
20150713,1
20150713,1
20150714,1
20150721,1
20150723,1
20150723,1
20150804,1
20150805,1
20150810,1
20150810,1
20150814,1
20150824,1
20150825,1
20150825,1
20150825,1
20150825,1
20150827,1
20150831,1
20150831,1
20150831,1
20150903,1
20150903,1
20150907,1
20150908,1
20150908,1
20150909,1
20150914,1
20150914,1
20150916,1
20150920,1
20150922,1
20150922,1
20150927,1
20150927,1
20150930,1
20151004,1
20151005,1
20151005,1
20151005,1
20151013,1
20151013,1
20151014,1
20151014,1
20151019,1
20151020,1
20151020,1
20151020,1
20151026,1
20151028,1
20151029,1
20151029,1
20151029,1
20151031,1
20151103,1
20151105,1
20151110,1
20151110,1
20151110,1
20151110,1
20151110,1
20151129,1
20151130,1
20151206,1
20151216,1
20151218,1
20151220,1
20151221,1
20151228,1
20151231,1
20151231,1
20151231,1
20160103,1
20160105,1
20160106,1
20160107,1
20160111,1
20160112,1
20160113,1
20160117,1
20160119,1
20160215,1
20160222,1
20160222,1
20160229,1
20160301,1
20160302,1
20160303,1
20160309,1
20160317,1
20160321,1
20160322,1
20160324,1
20160324,1
20160324,1
20160401,1
20160402,1
20160418,1
20160418,1
20160418,1
20160420,1
20160428,1
20160428,1
20160428,1
20160502,1
20160510,1
20160510,1
20160510,1
20160512,1
20160516,1
20160518,1
20160518,1
20160518,1
20160518,1
20160518,1
20160519,1
20160526,1
20160526,1
20160605,1
20160612,1
20160613,1
20160613,1
20160613,1
20160613,1
20160613,1
20160619,1
20160621,1
20160621,1
20160621,1
20160623,1
20160701,1
20160701,1
20160701,1
20160716,1
20160717,1
20160722,1
20160722,1
20160808,1
20160815,1
20160822,1
20160822,1
20160822,1
20160822,1
20160825,1
20160829,1
20160829,1
20160829,1
20160902,1
20160913,1
20160913,1
20160913,1
20160922,1
20160923,1
20160923,1
20160923,1
20160927,1
20160928,1
20160930,1
20161004,1
20161006,1
20161006,1
20161010,1
20161010,1
20161010,1
20161010,1
20161017,1
20161018,1
20161019,1
20161020,1
20161023,1
20161026,1
20161026,1
20161026,1
20170510,1
20170512,1
20170515,1
20170517,1
20170517,1
20170518,1
20170523,1
20170525,1
20170529,1
20170531,1
20170601,1
20170602,1
20170602,1
20170602,1
20170606,1
20170607,1
20170607,1
20170608,1
20170610,1
20170612,1
20170613,1
20170614,1
20170614,1
20170615,1
20170615,1
20170616,1
20170619,1
20170621,1
20170623,1
20170624,1
20170627,1
20170628,1
20170628,1
20170628,1
20170629,1
20170629,1
20170630,1
20170630,1
20170701,1
20170702,1
20170703,1
20170705,1
20170705,1
20170705,1
20170706,1
20170707,1
20170707,1
20170707,1
20170708,1
20170711,1
20170712,1
20170717,1
20170719,1
20170723,1
20170725,1
20170727,1
20170728,1
20170807,1
20170808,1
20170808,1
20170809,1
20170810,1
20170810,1
20170810,1
20170814,1
20170814,1
20170815,1
20170816,1
20170817,1
20170817,1
20170818,1
20170820,1
20170820,1
20170821,1
20170830,1
20170831,1
20170901,1
20170903,1
20170904,1
20170905,1
20170906,1
20170906,1
20170906,1
20170907,1
20170907,1
20170908,1
20170913,1
20170915,1
20170917,1
20170918,1
20170918,1
20170918,1
20170919,1
20170920,1
20170920,1
20170920,1
20170921,1
20170925,1
20170925,1
20170926,1
20170926,1
20170926,1
20170926,1
20170927,1
20170927,1
20170928,1
20170929,1
20171003,1
20171004,1
20171009,1
20171010,1
20171011,1
20171012,1
20171014,1
20171015,1
20171016,1
20171017,1
20171018,1
20171020,1
20171020,1
20171022,1
20171022,1
20171023,1
20171024,1
20171026,1
20171028,1
20171030,1
20171031,1
20171101,1
20171103,1
20171105,1
20171107,1
20171107,1
20171108,1
20171109,1
20171109,1
20171110,1
20171113,1
20171113,1
20171114,1
20171116,1
20171120,1
20171121,1
20171122,1
20171123,1
20171124,1
20171128,1
20171129,1
20171130,1
20171203,1
20171204,1
20171205,1
20171205,1
20171206,1
20171208,1
20171211,1
20171213,1
20171213,1
20171214,1
20171215,1
20171216,1
20171216,1
20171218,1
20171218,1
20171219,1
20171219,1
20171219,1
20171219,1
20171221,1
20171226,1
20171227,1
20171228,1
20171228,1
20171228,1
20180101,1
20180102,1
20180102,1
20180103,1
20180103,1
20180104,1
20180105,1
20180105,1
20180108,1
20180109,1
20180110,1
20180110,1
20180112,1
20180113,1
20180114,1
20180116,1
20180116,1
20180117,1
20180119,1
20180119,1
20180122,1
20180122,1
20180123,1
20180124,1
20180127,1
20180129,1
20180130,1
20180201,1
20180201,1
20180201,1
20180202,1
20180202,1
20180205,1
20180205,1
20180205,1
20180205,1
20180205,1
20180209,1
20180209,1
20180211,1
20180212,1
20180213,1
20180215,1
20180219,1
20180219,1
20180225,1
20180226,1
20180228,1
20180228,1
20180301,1
20180302,1
20180302,1
20180305,1
20180306,1
20180308,1
20180308,1
20180308,1
20180308,1
20180308,1
20180309,1
20180309,1
20180309,1
20180312,1
20180313,1
20180313,1
20180313,1
20180315,1
20180315,1
20180316,1
20180318,1
20180319,1
20180320,1
20180320,1
20180322,1
20180322,1
20180323,1
20180323,1
20180323,1
20180325,1
20180326,1
20180326,1
20180326,1
20180327,1
20180327,1
20180329,1
20180401,1
20180402,1
20180403,1
20180404,1
20180405,1
20180406,1
20180409,1
20180410,1
20180411,1
20180412,1
20180413,1
20180415,1
20180416,1
20180417,1
20180418,1
20180419,1
20180420,1
20180423,1
20180424,1
20180427,1
20180427,1
20180430,1
20180501,1
20180508,1
20180509,1
20180509,1
20180510,1
20180510,1
20180511,1
20180514,1
20180515,1
20180517,1
20180518,1
20180522,1
20180522,1
20180522,1
20180523,1
20180525,1
20180525,1
20180525,1
20180527,1
20180528,1
20180528,1
20180529,1
20180531,1
20180604,1
20180605,1
20180605,1
20180606,1
20180610,1
20180611,1
20180612,1
20180612,1
20180614,1
20180614,1
20180618,1
20180620,1
20180620,1
20180621,1
20180621,1
20180622,1
20180622,1
20180626,1
20180627,1
20180629,1
20180702,1
20180703,1
20180703,1
20180705,1
20180709,1
20180709,1
20180709,1
20180710,1
20180710,1
20180711,1
20180712,1
20180712,1
20180713,1
20180713,1
20180716,1
20180719,1
20180720,1
20180722,1
20180723,1
20180723,1
20180724,1
20180726,1
20180726,1
20180727,1
20180728,1
20180806,1
20180807,1
20180810,1
20180813,1
20180814,1
20180814,1
20180814,1
20180815,1
20180816,1
20180819,1
20180820,1
20180823,1
20180825,1
20180826,1
20180827,1
20180828,1
20180829,1
20180829,1
20180830,1
20180831,1
20180831,1
20180901,1
20180903,1
20180903,1
20180903,1
20180904,1
20180905,1
20180906,1
20180906,1
20180907,1
20180910,1
20180911,1
20180912,1
20180913,1
20180913,1
20180914,1
20180917,1
20180918,1
20180918,1
20180919,1
20180919,1
20180919,1
20180920,1
20180920,1
20180923,1
20180924,1
20180925,1
20180925,1
20180926,1
20181001,1
20181001,1
20181001,1
20181002,1
20181004,1
20181004,1
20181005,1
20181008,1
20181010,1
20181010,1
20181011,1
20181011,1
20181013,1
20181013,1
20181014,1
20181015,1
20181016,1
20181016,1
20181016,1
20181017,1
20181018,1
20181019,1
20181019,1
20181020,1
20181022,1
20181023,1
20181023,1
20181025,1
20181026,1
20181029,1
20181030,1
20181030,1
20181031,1
20181101,1
20181105,1
20181105,1
20181106,1
20181108,1
20181108,1
20181109,1
20181114,1
20181115,1
20181115,1
20181117,1
20181118,1
20181118,1
20181120,1
20181120,1
20181122,1
20181122,1
20181123,1
20181127,1
20181128,1
20181129,1
20181130,1
20181130,1
20181130,1
20181203,1
20181204,1
20181207,1
20181210,1
20181210,1
20181210,1
20181211,1
20181211,1
20181211,1
20181213,1
20181217,1
20181217,1
20181218,1
20181218,1
20181218,1
20181220,1
20181220,1
20181221,1
20181226,1
20181227,1
20181228,1
20181231,1
20181231,1
20190101,1
20190102,1
20190103,1
20190107,1
20190108,1
20190110,1
20190110,1
20190114,1
20190115,1
20190117,1
20190117,1
20190118,1
20190121,1
20190122,1
20190123,1
20190124,1
20190124,1
20190128,1
20190128,1
20190129,1
20190129,1
20190131,1
20190206,1
20190207,1
20190208,1
20190208,1
20190209,1
20190211,1
20190212,1
20190213,1
20190214,1
20190214,1
20190215,1
20190218,1
20190218,1
20190218,1
20190219,1
20190219,1
20190220,1
20190220,1
20190221,1
20190222,1
20190225,1
20190226,1
20190226,1
20190226,1
20190227,1
20190227,1
20190228,1
20190301,1
20190301,1
20190304,1
20190304,1
20190305,1
20190306,1
20190306,1
20190308,1
20190311,1
20190311,1
20190311,1
20190312,1
20190313,1
20190314,1
20190314,1
20190315,1
20190315,1
20190315,1
20190319,1
20190319,1
20190321,1
20190322,1
20190322,1
20190322,1
20190325,1
20190326,1
20190327,1
20190328,1
20190328,1
20190401,1
20190401,1
20190401,1
20190402,1
20190404,1
20190405,1
20190405,1
20190408,1
20190409,1
20190409,1
20190411,1
20190411,1
20190415,1
20190415,1
20190417,1
20190417,1
20190417,1
20190418,1
20190418,1
20190418,1
20190419,1
20190419,1
20190419,1
20190419,1
20190421,1
20190421,1
20190421,1
20190422,1
20190422,1
20190426,1
20190427,1
20190428,1
20190429,1
20190429,1
20190429,1
20190430,1
20190430,1
20190501,1
20190507,1
20190507,1
20190513,1
20190514,1
20190514,1
20190516,1
20190518,1
20190520,1
20190521,1
20190522,1
20190522,1
20190523,1
20190524,1
20190529,1
20190529,1
20190530,1
20190603,1
20190604,1
20190605,1
20190606,1
20190607,1
20190607,1
20190610,1
20190610,1
20190611,1
20190611,1
20190612,1
20190612,1
20190613,1
20190614,1
20190614,1
20190615,1
20190615,1
20190617,1
20190619,1
20190619,1
20190619,1
20190620,1
20190621,1
20190624,1
20190625,1
20190626,1
20190627,1
20190627,1
20190628,1
20190629,1
20190630,1
20190702,1
20190702,1
20190703,1
20190705,1
20190708,1
20190709,1
20190710,1
20190712,1
20190715,1
20190715,1
20190716,1
20190718,1
20190719,1
20190722,1
20190724,1
20190725,1
20190725,1
20190726,1
20190730,1
20190802,1
20190805,1
20190807,1
20190808,1
20190812,1
20190813,1
20190813,1
20190814,1
20190815,1
20190815,1
20190816,1
20190819,1
20190820,1
20190820,1
20190822,1
20190823,1
20190826,1
20190826,1
20190828,1
20190829,1
20190902,1
20190902,1
20190902,1
20190902,1
20190903,1
20190903,1
20190904,1
20190905,1
20190905,1
20190907,1
20190909,1
20190910,1
20190911,1
20190916,1
20190917,1
20190918,1
20190919,1
20190922,1
20190923,1
20190923,1
20190923,1
20190924,1
20190924,1
20190924,1
20190927,1
20190927,1
20190927,1
20190930,1
20191001,1
20191002,1
20191002,1
20191004,1
20191005,1
20191007,1
20191008,1
20191008,1
20191009,1
20191010,1
20191010,1
20191010,1
20191014,1
20191015,1
20191016,1
20191017,1
20191018,1
20191021,1
20191022,1
20191022,1
20191023,1
20191024,1
20191024,1
20191024,1
20191025,1
20191028,1
20191028,1
20191029,1
20191031,1
20191104,1
20191104,1
20191104,1
20191107,1
20191107,1
20191108,1
20191111,1
20191112,1
20191113,1
20191113,1
20191113,1
20191114,1
20191118,1
20191120,1
20191122,1
20191123,1
20191124,1
20191124,1
20191125,1
20191125,1
20191125,1
20191125,1
20191125,1
20191126,1
20191126,1
20191126,1
20191126,1
20191126,1
20191127,1
20191127,1
20191127,1
20191127,1
20191128,1
20191130,1
20191202,1
20191203,1
20191203,1
20191205,1
20191210,1
20191212,1
20191213,1
20191216,1
20191217,1
20191218,1
20191218,1
20191219,1
20191223,1
20191223,1
20191224,1
20191224,1
20191224,1
20191224,1
20191225,1
20191230,1
20200102,1
20200103,1
20200107,1
20200108,1
20200109,1
20200114,1
20200116,1
20200120,1
20200121,1
20200121,1
20200121,1
20200122,1
20200130,1
20200203,1
20200204,1
20200204,1
20200205,1
20200206,1
20200208,1
20200209,1
20200209,1
20200210,1
20200210,1
20200211,1
20200212,1
20200213,1
20200217,1
20200218,1
20200219,1
20200220,1
20200221,1
20200221,1
20200223,1
20200224,1
20200225,1
20200225,1
20200225,1
20200226,1
20200227,1
20200228,1
20200229,1
20200301,1
20200302,1
20200302,1
20200302,1
20200303,1
20200303,1
20200304,1
20200304,1
20200305,1
20200305,1
20200306,1
20200306,1
20200308,1
20200309,1
20200309,1
20200311,1
20200312,1
20200316,1
20200317,1
20200318,1
20200319,1
20200319,1
20200320,1
20200324,1
20200325,1
20200326,1
20200327,1
20200330,1
20200331,1
20200401,1
20200401,1
20200403,1
20200403,1
20200405,1
20200406,1
20200407,1
20200408,1
20200409,1
20200410,1
20200411,1
20200412,1
20200413,1
20200414,1
20200414,1
20200416,1
20200419,1
20200419,1
20200420,1
20200420,1
20200422,1
20200423,1
20200427,1
20200427,1
20200428,1
20200428,1
20200429,1
20200430,1
20200501,1
20200501,1
20200504,1
20200508,1
20200508,1
20200512,1
20200514,1
20200515,1
20200517,1
20200518,1
20200518,1
20200520,1
20200521,1
20200521,1
20200525,1
20200526,1
20200530,1
20200601,1
20200603,1
20200606,1
20200607,1
20200608,1
20200608,1
20200609,1
20200610,1
20200610,1
20200615,1
20200615,1
20200618,1
20200622,1
20200623,1
20200625,1
20200629,1
20200630,1
20200702,1
20200702,1
20200703,1
20200706,1
20200707,1
20200708,1
20200708,1
20200709,1
20200714,1
20200715,1
20200716,1
20200716,1
20200717,1
20200720,1
20200721,1
20200723,1
20200724,1
20200727,1
20200728,1
20200728,1
20200731,1
20200801,1
20200804,1
20200805,1
20200810,1
20200811,1
20200814,1
20200815,1
20200816,1
20200818,1
20200819,1
20200820,1
20200821,1
20200824,1
20200825,1
20200827,1
20200827,1
20200831,1
20200901,1
20200903,1
20200903,1
20200904,1
20200907,1
20200907,1
20200908,1
20200909,1
20200910,1
20200911,1
20200914,1
20200914,1
20200916,1
20200917,1
20200918,1
20200919,1
20200919,1
20200921,1
20200921,1
20200922,1
20200922,1
20200923,1
20200923,1
20200924,1
20200925,1
20200925,1
20200928,1
20200928,1
20200930,1
20201004,1
20201005,1
20201005,1
20201006,1
20201006,1
20201007,1
20201008,1
20201008,1
20201009,1
20201012,1
20201012,1
20201013,1
20201015,1
20201016,1
20201019,1
20201019,1
20201020,1
20201021,1
20201022,1
20201023,1
20201024,1
20201026,1
20201027,1
20201027,1
20201027,1
20201028,1
20201029,1
20201030,1
20201030,1
20201102,1
20201103,1
20201106,1
20201106,1
20201109,1
20201111,1
20201111,1
20201111,1
20201112,1
20201112,1
20201113,1
20201114,1
20201114,1
20201116,1
20201117,1
20201118,1
20201118,1
20201120,1
20201121,1
20201121,1
20201122,1
20201124,1
20201124,1
20201125,1
20201125,1
20201125,1
20201126,1
20201127,1
20201129,1
20201129,1
20201130,1
20201130,1
20201201,1
20201201,1
20201201,1
20201202,1
20201202,1
20201207,1
20201208,1
20201209,1
20201209,1
20201209,1
20201210,1
20201210,1
20201211,1
20201212,1
20201212,1
20201213,1
20201214,1
20201214,1
20201215,1
20201216,1
20201217,1
20201218,1
20201218,1
20201220,1
20201221,1
20201222,1
20201223,1
20201225,1
20201228,1
20201229,1
20210101,1
20210104,1
20210105,1
20210107,1
20210111,1
20210120,1
20210120,1
20210121,1
20210121,1
20210125,1
20210125,1
20210127,1
20210128,1
20210201,1
20210202,1
20210204,1
20210205,1
20210208,1
20210215,1
20210216,1
20210216,1
20210216,1
20210218,1
20210219,1
20210222,1
20210225,1
20210226,1
20210301,1
20210302,1
20210302,1
20210303,1
20210305,1
20210306,1
20210308,1
20210308,1
20210310,1
20210312,1
20210312,1
20210315,1
20210316,1
20210316,1
20210318,1
20210319,1
20210319,1
20210322,1
20210325,1
20210325,1
20210326,1
20210329,1
20210330,1
20210330,1
20210331,1
20210401,1
20210401,1
20210403,1
20210404,1
20210405,1
20210405,1
20210408,1
20210409,1
20210412,1
20210413,1
20210415,1
20210416,1
20210419,1
20210419,1
20210420,1
20210422,1
20210426,1
20210426,1
20210427,1
20210427,1
20210428,1
20210429,1
20210430,1
20210501,1
20210503,1
20210506,1
20210508,1
20210510,1
20210513,1
20210514,1
20210515,1
20210517,1
20210518,1
20210519,1
20210521,1
20210521,1
20210521,1
20210521,1
20210521,1
20210522,1
20210522,1
20210526,1
20210527,1
20210529,1
20210530,1
20210531,1
20210606,1
20210607,1
20210608,1
20210610,1
20210613,1
20210614,1
20210616,1
20210616,1
20210616,1
20210617,1
20210617,1
20210620,1
20210622,1
20210624,1
20210628,1
20210629,1
20210630,1
20210701,1
20210701,1
20210701,1
20210702,1
20210705,1
20210706,1
20210708,1
20210712,1
20210714,1
20210719,1
20210720,1
20210722,1
20210725,1
20210726,1
20210727,1
20210729,1
20210802,1
20210803,1
20210805,1
20210806,1
20210808,1
20210809,1
20210812,1
20210814,1
20210815,1
20210817,1
20210818,1
20210819,1
20210819,1
20210823,1
20210825,1
20210825,1
20210830,1
20210831,1
20210903,1
20210906,1
20210907,1
20210907,1
20210909,1
20210910,1
20210910,1
20210911,1
20210913,1
20210914,1
20210915,1
20210915,1
20210915,1
20210917,1
20210917,1
20210920,1
20210920,1
20210920,1
20210921,1
20210921,1
20210921,1
20210921,1
20210922,1
20210922,1
20210928,1
20211001,1
20211001,1
20211005,1
20211006,1
20211007,1
20211007,1
20211009,1
20211012,1
20211012,1
20211014,1
20211018,1
20211020,1
20211021,1
20211021,1
20211025,1
20211026,1
20211027,1
20211027,1
20211027,1
20211028,1
20211029,1
20211030,1
20211031,1
20211031,1
20211101,1
20211101,1
20211102,1
20211102,1
20211103,1
20211103,1
20211104,1
20211104,1
20211105,1
20211109,1
20211109,1
20211111,1
20211111,1
20211112,1
20211115,1
20211116,1
20211117,1
20211117,1
20211118,1
20211119,1
20211123,1
20211123,1
20211124,1
20211125,1
20211125,1
20211126,1
20211129,1
20211201,1
20211202,1
20211202,1
20211203,1
20211206,1
20211207,1
20211207,1
20211208,1
20211209,1
20211210,1
20211213,1
20211213,1
20211214,1
20211215,1
20211215,1
20211217,1
20211217,1
20211220,1
20211221,1
20211225,1
20211227,1
20211227,1
20211228,1
20211229,1
20220101,1
20220103,1
20220104,1
20220105,1
20220110,1
20220111,1
20220112,1
20220113,1
20220113,1
20220116,1
20220116,1
20220117,1
20220117,1
20220118,1
20220119,1
20220120,1
20220120,1
20220121,1
20220124,1
20220127,1
20220127,1
20220204,1
20220207,1
20220208,1
20220209,1
20220209,1
20220210,1
20220214,1
20220217,1
20220218,1
20220221,1
20220222,1
20220222,1
20220222,1
20220223,1
20220224,1
20220224,1
20220225,1
20220226,1
20220227,1
20220228,1
20220301,1
20220301,1
20220302,1
20220302,1
20220302,1
20220303,1
20220304,1
20220308,1
20220308,1
20220310,1
20220311,1
20220312,1
20220314,1
20220317,1
20220318,1
20220319,1
20220322,1
20220322,1
20220325,1
20220328,1
20220330,1